"txNomeParlamentar";"cpf";"ideCadastro";"nuCarteiraParlamentar";"nuLegislatura";"sgUF";"sgPartido";"codLegislatura";"numSubCota";"txtDescricao";"numEspecificacaoSubCota";"txtDescricaoEspecificacao";"txtFornecedor";"txtCNPJCPF";"txtNumero";"indTipoDocumento";"datEmissao";"vlrDocumento";"vlrGlosa";"vlrLiquido";"numMes";"numAno";"numParcela";"txtPassageiro";"txtTrecho";"numLote";"numRessarcimento";"datPagamentoRestituicao";"vlrRestituicao";"nuDeputadoId";"ideDocumento";"urlDocumento"
"JOSEPH BANDEIRA";"";"4929";"565";"2007";"BA";"PSB";"53";"2";"LOCOMOÇÃO, ALIMENTAÇÃO E  HOSPEDAGEM";"0";"";"NACIONAL TRANSPORTES E LOGISTICA";"071.414.740/0010-0";"01029";"0";"2009-06-18T00:00:00";"3800";"0";"3800";"6";"2008";"0";"";"";"405260";"";"";"";"1970";"1612380";""
"JOSEPH BANDEIRA";"";"4929";"565";"2007";"BA";"PSB";"53";"2";"LOCOMOÇÃO, ALIMENTAÇÃO E  HOSPEDAGEM";"0";"";"NTL - NACIONAL TRANSPORTES E LOGISTICA";"071.414.740/0010-0";"00954";"0";"2009-03-30T00:00:00";"6000";"0";"6000";"9";"2008";"0";"";"";"387830";"";"";"";"1970";"1561354";""
"Celso Russomanno";"";"73441";"347";"2007";"SP";"REPUBLICANOS";"53";"3";"COMBUSTÍVEIS E LUBRIFICANTES.";"1";"Veículos Automotores";"LAVACRED";"433.121.720/0010-3";"078191";"0";"2008-11-03T00:00:00";"156.01";"0";"156.01";"11";"2008";"0";"";"";"393481";"";"";"";"993";"1578435";""
"Celso Russomanno";"";"73441";"347";"2007";"SP";"REPUBLICANOS";"53";"3";"COMBUSTÍVEIS E LUBRIFICANTES.";"1";"Veículos Automotores";"POSTO CACONDE";"430.806.540/0018-5";"093488";"0";"2008-11-28T00:00:00";"151";"0";"151";"11";"2008";"0";"";"";"393481";"";"";"";"993";"1578440";""
"Celso Russomanno";"";"73441";"347";"2007";"SP";"REPUBLICANOS";"53";"3";"COMBUSTÍVEIS E LUBRIFICANTES.";"1";"Veículos Automotores";"POSTO CACONDE";"430.806.540/0018-5";"095040";"0";"2008-12-09T00:00:00";"39";"0";"39";"12";"2008";"0";"";"";"393482";"";"";"";"993";"1578436";""
"DR. ROSINHA";"";"73459";"449";"2007";"PR";"PT";"53";"1";"MANUTENÇÃO DE ESCRITÓRIO DE APOIO À ATIVIDADE PARLAMENTAR";"0";"";"EMPRESA BRASILEIRA DE TELECOMUNICAÇÕES S/A";"335.304.860/0012-9";"000043067";"0";"2008-12-24T00:00:00";"68.84";"2.92";"65.92";"12";"2008";"0";"";"";"389802";"";"";"";"1436";"1567076";""
"Osmar Serraglio";"";"73463";"593";"2007";"PR";"PP";"53";"1";"MANUTENÇÃO DE ESCRITÓRIO DE APOIO À ATIVIDADE PARLAMENTAR";"0";"";"AMERICEL SA";"016.859.030/0011-6";"00051544";"0";"2008-04-16T00:00:00";"379.66";"0";"379.66";"4";"2008";"0";"";"";"395052";"";"";"";"1439";"1578642";""
"Osmar Serraglio";"";"73463";"593";"2007";"PR";"PP";"53";"1";"MANUTENÇÃO DE ESCRITÓRIO DE APOIO À ATIVIDADE PARLAMENTAR";"0";"";"BRASIL TELECOM";"765.357.640/0014-3";"000023442";"0";"2008-03-01T00:00:00";"322.77";"0";"322.77";"3";"2008";"0";"";"";"425308";"";"";"";"1439";"1679927";""
"Osmar Serraglio";"";"73463";"593";"2007";"PR";"PP";"53";"1";"MANUTENÇÃO DE ESCRITÓRIO DE APOIO À ATIVIDADE PARLAMENTAR";"0";"";"BRASIL TELECOM";"765.357.640/0014-3";"000333582";"0";"2008-03-01T00:00:00";"70.13";"0";"70.13";"3";"2008";"0";"";"";"425308";"";"";"";"1439";"1679928";""
"Osmar Serraglio";"";"73463";"593";"2007";"PR";"PP";"53";"1";"MANUTENÇÃO DE ESCRITÓRIO DE APOIO À ATIVIDADE PARLAMENTAR";"0";"";"BRASIL TELECOM";"765.357.640/0014-3";"000384599";"0";"2008-03-01T00:00:00";"1064.6";"0";"1064.6";"3";"2008";"0";"";"";"425308";"";"";"";"1439";"1679937";""
"Osmar Serraglio";"";"73463";"593";"2007";"PR";"PP";"53";"1";"MANUTENÇÃO DE ESCRITÓRIO DE APOIO À ATIVIDADE PARLAMENTAR";"0";"";"BRASIL TELECOM";"765.357.640/0014-3";"802238";"0";"2008-11-01T00:00:00";"1567.71";"0";"1567.71";"11";"2008";"0";"";"";"389529";"";"";"";"1439";"1566392";""
"Osmar Serraglio";"";"73463";"593";"2007";"PR";"PP";"53";"1";"MANUTENÇÃO DE ESCRITÓRIO DE APOIO À ATIVIDADE PARLAMENTAR";"0";"";"BRASIL TELECOM SA";"765.357.640/0014-3";"000023346";"0";"2008-02-01T00:00:00";"186.95";"0";"186.95";"2";"2008";"0";"";"";"425288";"";"";"";"1439";"1679865";""
"Osmar Serraglio";"";"73463";"593";"2007";"PR";"PP";"53";"1";"MANUTENÇÃO DE ESCRITÓRIO DE APOIO À ATIVIDADE PARLAMENTAR";"0";"";"BRASIL TELECOM SA";"765.357.640/0014-3";"000338846";"0";"2008-02-01T00:00:00";"70.13";"0";"70.13";"2";"2008";"0";"";"";"425288";"";"";"";"1439";"1679863";""
"Osmar Serraglio";"";"73463";"593";"2007";"PR";"PP";"53";"1";"MANUTENÇÃO DE ESCRITÓRIO DE APOIO À ATIVIDADE PARLAMENTAR";"0";"";"BRASIL TELECOM SA";"765.357.640/0014-3";"000386743";"0";"2008-02-01T00:00:00";"994.52";"0";"994.52";"2";"2008";"0";"";"";"425288";"";"";"";"1439";"1679858";""
"Osmar Serraglio";"";"73463";"593";"2007";"PR";"PP";"53";"1";"MANUTENÇÃO DE ESCRITÓRIO DE APOIO À ATIVIDADE PARLAMENTAR";"0";"";"COPEL DISTRIBUIÇÃO";"043.688.980/0010-6";"2387960";"0";"2008-02-25T00:00:00";"158.21";"0";"158.21";"2";"2008";"0";"";"";"425280";"";"";"";"1439";"1679830";""
"Osmar Serraglio";"";"73463";"593";"2007";"PR";"PP";"53";"1";"MANUTENÇÃO DE ESCRITÓRIO DE APOIO À ATIVIDADE PARLAMENTAR";"0";"";"COPEL DISTRIBUIÇÃO";"043.688.980/0010-6";"2387963";"0";"2008-02-22T00:00:00";"56.62";"0";"56.62";"2";"2008";"0";"";"";"425280";"";"";"";"1439";"1679829";""
"Osmar Serraglio";"";"73463";"593";"2007";"PR";"PP";"53";"1";"MANUTENÇÃO DE ESCRITÓRIO DE APOIO À ATIVIDADE PARLAMENTAR";"0";"";"COPEL DISTRIBUIÇÃO SA";"043.688.980/0010-6";"2247748";"0";"2008-01-23T00:00:00";"107.13";"0";"107.13";"1";"2008";"0";"";"";"424750";"";"";"";"1439";"1678125";""
"Osmar Serraglio";"";"73463";"593";"2007";"PR";"PP";"53";"1";"MANUTENÇÃO DE ESCRITÓRIO DE APOIO À ATIVIDADE PARLAMENTAR";"0";"";"COPEL DISTRIBUIÇÃO SA";"043.688.980/0010-6";"2247751";"0";"2008-01-23T00:00:00";"56.62";"0";"56.62";"1";"2008";"0";"";"";"424750";"";"";"";"1439";"1678126";""
"Osmar Serraglio";"";"73463";"593";"2007";"PR";"PP";"53";"1";"MANUTENÇÃO DE ESCRITÓRIO DE APOIO À ATIVIDADE PARLAMENTAR";"0";"";"EMBRATEL";"335.304.860/0012-9";"000004872";"0";"2008-01-01T00:00:00";"4.12";"0";"4.12";"1";"2008";"0";"";"";"424750";"";"";"";"1439";"1678127";""
"Osmar Serraglio";"";"73463";"593";"2007";"PR";"PP";"53";"1";"MANUTENÇÃO DE ESCRITÓRIO DE APOIO À ATIVIDADE PARLAMENTAR";"0";"";"LIVRARIA UNIVERSITÁRIA";"030.553.620/0017-8";"21280";"0";"2008-02-12T00:00:00";"85.75";"0";"85.75";"2";"2008";"0";"";"";"428709";"";"";"";"1439";"1691613";""
"Osmar Serraglio";"";"73463";"593";"2007";"PR";"PP";"53";"1";"MANUTENÇÃO DE ESCRITÓRIO DE APOIO À ATIVIDADE PARLAMENTAR";"0";"";"TIM CELULAR";"042.060.500/1286-3";"000.063.840-AB";"0";"2008-03-07T00:00:00";"623.87";"0";"623.87";"3";"2008";"0";"";"";"425308";"";"";"";"1439";"1679934";""
"Osmar Serraglio";"";"73463";"593";"2007";"PR";"PP";"53";"1";"MANUTENÇÃO DE ESCRITÓRIO DE APOIO À ATIVIDADE PARLAMENTAR";"0";"";"TIM CELULAR";"042.060.500/1286-3";"000049412-AB";"0";"2008-03-07T00:00:00";"868.09";"0";"868.09";"3";"2008";"0";"";"";"425308";"";"";"";"1439";"1679932";""
"Osmar Serraglio";"";"73463";"593";"2007";"PR";"PP";"53";"1";"MANUTENÇÃO DE ESCRITÓRIO DE APOIO À ATIVIDADE PARLAMENTAR";"0";"";"TIM CELULAR";"042.060.500/1286-3";"000053172-AB";"0";"2008-01-07T00:00:00";"839.96";"0";"839.96";"1";"2008";"0";"";"";"424751";"";"";"";"1439";"1678132";""
"Osmar Serraglio";"";"73463";"593";"2007";"PR";"PP";"53";"1";"MANUTENÇÃO DE ESCRITÓRIO DE APOIO À ATIVIDADE PARLAMENTAR";"0";"";"TIM CELULAR";"042.060.500/1286-3";"000053694-AA";"0";"2008-03-02T00:00:00";"99.62";"0";"99.62";"3";"2008";"0";"";"";"425308";"";"";"";"1439";"1679926";""
"Osmar Serraglio";"";"73463";"593";"2007";"PR";"PP";"53";"1";"MANUTENÇÃO DE ESCRITÓRIO DE APOIO À ATIVIDADE PARLAMENTAR";"0";"";"TIM CELULAR";"042.060.500/1286-3";"000053800-AA";"0";"2008-01-02T00:00:00";"96.42";"0";"96.42";"1";"2008";"0";"";"";"424750";"";"";"";"1439";"1678128";""
"Osmar Serraglio";"";"73463";"593";"2007";"PR";"PP";"53";"1";"MANUTENÇÃO DE ESCRITÓRIO DE APOIO À ATIVIDADE PARLAMENTAR";"0";"";"TIM CELULAR";"042.060.500/1286-3";"000053861AB";"0";"2008-02-07T00:00:00";"550.29";"0";"550.29";"2";"2008";"0";"";"";"425301";"";"";"";"1439";"1679890";""
"Osmar Serraglio";"";"73463";"593";"2007";"PR";"PP";"53";"1";"MANUTENÇÃO DE ESCRITÓRIO DE APOIO À ATIVIDADE PARLAMENTAR";"0";"";"TIM CELULAR";"042.060.500/1286-3";"000054365AA";"0";"2008-02-02T00:00:00";"99.06";"0";"99.06";"2";"2008";"0";"";"";"425301";"";"";"";"1439";"1679889";""
"Osmar Serraglio";"";"73463";"593";"2007";"PR";"PP";"53";"1";"MANUTENÇÃO DE ESCRITÓRIO DE APOIO À ATIVIDADE PARLAMENTAR";"0";"";"TIM CELULAR";"042.060.500/1286-3";"000055377AB";"0";"2008-02-07T00:00:00";"616.79";"0";"616.79";"2";"2008";"0";"";"";"425301";"";"";"";"1439";"1679891";""
"Osmar Serraglio";"";"73463";"593";"2007";"PR";"PP";"53";"1";"MANUTENÇÃO DE ESCRITÓRIO DE APOIO À ATIVIDADE PARLAMENTAR";"0";"";"TIM CELULAR";"042.060.500/1286-3";"000062707-AB";"0";"2008-01-07T00:00:00";"288.07";"0";"288.07";"1";"2008";"0";"";"";"424751";"";"";"";"1439";"1678131";""
"Osmar Serraglio";"";"73463";"593";"2007";"PR";"PP";"53";"1";"MANUTENÇÃO DE ESCRITÓRIO DE APOIO À ATIVIDADE PARLAMENTAR";"0";"";"VIVO SA";"024.499.920/0016-4";"000173381";"0";"2008-01-27T00:00:00";"137.7";"0";"137.7";"1";"2008";"0";"";"";"424750";"";"";"";"1439";"1678130";""
"Osmar Serraglio";"";"73463";"593";"2007";"PR";"PP";"53";"1";"MANUTENÇÃO DE ESCRITÓRIO DE APOIO À ATIVIDADE PARLAMENTAR";"0";"";"VIVO SA";"024.499.920/0016-4";"000175646";"0";"2008-02-27T00:00:00";"253.18";"0";"253.18";"2";"2008";"0";"";"";"425288";"";"";"";"1439";"1679866";""
"Osmar Serraglio";"";"73463";"593";"2007";"PR";"PP";"53";"1";"MANUTENÇÃO DE ESCRITÓRIO DE APOIO À ATIVIDADE PARLAMENTAR";"0";"";"VIVO SA";"024.499.920/0016-4";"000214222";"0";"2008-10-26T00:00:00";"62.25";"0";"62.25";"10";"2008";"0";"";"";"395053";"";"";"";"1439";"1578646";""
"Osmar Serraglio";"";"73463";"593";"2007";"PR";"PP";"53";"1";"MANUTENÇÃO DE ESCRITÓRIO DE APOIO À ATIVIDADE PARLAMENTAR";"0";"";"VIVO SA";"024.499.920/0016-4";"216827";"0";"2008-12-27T00:00:00";"98.06";"0";"98.06";"12";"2008";"0";"";"";"395055";"";"";"";"1439";"1578658";""
"Osmar Serraglio";"";"73463";"593";"2007";"PR";"PP";"53";"2";"LOCOMOÇÃO, ALIMENTAÇÃO E  HOSPEDAGEM";"0";"";"FADANELLI BUENO & CIA LTDA";"720.498.850/0012-4";"074688";"0";"2008-02-14T00:00:00";"27";"0";"27";"2";"2008";"0";"";"";"425280";"";"";"";"1439";"1679835";""
"Osmar Serraglio";"";"73463";"593";"2007";"PR";"PP";"53";"2";"LOCOMOÇÃO, ALIMENTAÇÃO E  HOSPEDAGEM";"0";"";"FADANELLI BUENO E CIA LTDA";"720.498.850/0012-4";"074171";"0";"2008-01-17T00:00:00";"29.5";"0";"29.5";"1";"2008";"0";"";"";"424750";"";"";"";"1439";"1678123";""
"Osmar Serraglio";"";"73463";"593";"2007";"PR";"PP";"53";"2";"LOCOMOÇÃO, ALIMENTAÇÃO E  HOSPEDAGEM";"0";"";"FADANELLI BUENO E CIA LTDA";"720.498.850/0012-4";"77698";"0";"2008-10-17T00:00:00";"30";"0";"30";"10";"2008";"0";"";"";"408452";"";"";"";"1439";"1616017";""
"Osmar Serraglio";"";"73463";"593";"2007";"PR";"PP";"53";"2";"LOCOMOÇÃO, ALIMENTAÇÃO E  HOSPEDAGEM";"0";"";"HOTEL DEVILLE";"751.621.560/0025-9";"198168";"0";"2008-01-18T00:00:00";"105.05";"5.5";"99.55";"1";"2008";"0";"";"";"424750";"";"";"";"1439";"1678121";""
"Osmar Serraglio";"";"73463";"593";"2007";"PR";"PP";"53";"2";"LOCOMOÇÃO, ALIMENTAÇÃO E  HOSPEDAGEM";"0";"";"HOTEL DEVILLE";"751.621.560/0025-9";"198213";"0";"2008-01-19T00:00:00";"102.03";"2.75";"99.28";"1";"2008";"0";"";"";"424750";"";"";"";"1439";"1678122";""
"Osmar Serraglio";"";"73463";"593";"2007";"PR";"PP";"53";"2";"LOCOMOÇÃO, ALIMENTAÇÃO E  HOSPEDAGEM";"0";"";"HOTEL DEVILLE";"751.621.560/0025-9";"201065";"0";"2008-03-17T00:00:00";"122.93";"2.75";"120.18";"3";"2008";"0";"";"";"425308";"";"";"";"1439";"1679917";""
"Osmar Serraglio";"";"73463";"593";"2007";"PR";"PP";"53";"2";"LOCOMOÇÃO, ALIMENTAÇÃO E  HOSPEDAGEM";"0";"";"HOTEL PROVÍNCIA";"023.201.730/0011-2";"36941";"0";"2008-08-25T00:00:00";"50";"0";"50";"8";"2008";"0";"";"";"408450";"";"";"";"1439";"1615948";""
"Osmar Serraglio";"";"73463";"593";"2007";"PR";"PP";"53";"2";"LOCOMOÇÃO, ALIMENTAÇÃO E  HOSPEDAGEM";"0";"";"HOTEL PROVÍNCIA";"023.201.730/0011-2";"36945";"0";"2008-08-26T00:00:00";"50";"0";"50";"8";"2008";"0";"";"";"408450";"";"";"";"1439";"1615951";""
"Osmar Serraglio";"";"73463";"593";"2007";"PR";"PP";"53";"2";"LOCOMOÇÃO, ALIMENTAÇÃO E  HOSPEDAGEM";"0";"";"KASKATA GASTRONOMIA LTDA";"075.959.760/0010-1";"0004140";"0";"2008-01-19T00:00:00";"47.75";"0";"47.75";"1";"2008";"0";"";"";"408445";"";"";"";"1439";"1615475";""
"Osmar Serraglio";"";"73463";"593";"2007";"PR";"PP";"53";"2";"LOCOMOÇÃO, ALIMENTAÇÃO E  HOSPEDAGEM";"0";"";"MANDARINA";"061.040.580/0016-1";"21644";"0";"2008-03-24T00:00:00";"16.9";"0";"16.9";"3";"2008";"0";"";"";"425304";"";"";"";"1439";"1679906";""
"Osmar Serraglio";"";"73463";"593";"2007";"PR";"PP";"53";"2";"LOCOMOÇÃO, ALIMENTAÇÃO E  HOSPEDAGEM";"0";"";"MANDARINA CHURRASCARIA";"061.040.580/0016-1";"25236";"0";"2008-12-19T00:00:00";"15.4";"0";"15.4";"12";"2008";"0";"";"";"395055";"";"";"";"1439";"1578655";""
"Osmar Serraglio";"";"73463";"593";"2007";"PR";"PP";"53";"2";"LOCOMOÇÃO, ALIMENTAÇÃO E  HOSPEDAGEM";"0";"";"MN JOBIM CONFEITARIA";"057.956.390/0012-4";"07862";"0";"2008-12-17T00:00:00";"21.5";"0";"21.5";"12";"2008";"0";"";"";"408454";"";"";"";"1439";"1619092";""
"Osmar Serraglio";"";"73463";"593";"2007";"PR";"PP";"53";"2";"LOCOMOÇÃO, ALIMENTAÇÃO E  HOSPEDAGEM";"0";"";"RESTAURANTE COZINHA ITALIANA";"078.250.790/0013-9";"4979";"0";"2008-02-11T00:00:00";"15.2";"0";"15.2";"2";"2008";"0";"";"";"425301";"";"";"";"1439";"1679885";""
"Osmar Serraglio";"";"73463";"593";"2007";"PR";"PP";"53";"2";"LOCOMOÇÃO, ALIMENTAÇÃO E  HOSPEDAGEM";"0";"";"RESTAURANTE COZINHA ITALIANA";"078.250.790/0013-9";"5053";"0";"2008-02-18T00:00:00";"16.5";"0";"16.5";"2";"2008";"0";"";"";"425280";"";"";"";"1439";"1679834";""
"Osmar Serraglio";"";"73463";"593";"2007";"PR";"PP";"53";"2";"LOCOMOÇÃO, ALIMENTAÇÃO E  HOSPEDAGEM";"0";"";"RESTAURANTE COZINHA ITALIANA";"078.250.790/0013-9";"5284";"0";"2008-03-17T00:00:00";"17.5";"0";"17.5";"3";"2008";"0";"";"";"425304";"";"";"";"1439";"1679903";""
"Osmar Serraglio";"";"73463";"593";"2007";"PR";"PP";"53";"2";"LOCOMOÇÃO, ALIMENTAÇÃO E  HOSPEDAGEM";"0";"";"RESTAURANTE HIBISCO";"038.417.380/0033-1";"21776";"0";"2008-11-20T00:00:00";"31.5";"0";"31.5";"11";"2008";"0";"";"";"408453";"";"";"";"1439";"1619088";""
"Osmar Serraglio";"";"73463";"593";"2007";"PR";"PP";"53";"2";"LOCOMOÇÃO, ALIMENTAÇÃO E  HOSPEDAGEM";"0";"";"RESTAURANTE HIBISCO";"038.417.380/0033-1";"22182";"0";"2008-12-03T00:00:00";"24.9";"0";"24.9";"12";"2008";"0";"";"";"408454";"";"";"";"1439";"1619089";""
"Osmar Serraglio";"";"73463";"593";"2007";"PR";"PP";"53";"2";"LOCOMOÇÃO, ALIMENTAÇÃO E  HOSPEDAGEM";"0";"";"RODONORTE";"022.215.310/0056-3";"111663";"1";"2008-10-24T00:00:00";"5";"0";"5";"10";"2008";"0";"";"";"408452";"";"";"";"1439";"1615997";""
"Osmar Serraglio";"";"73463";"593";"2007";"PR";"PP";"53";"2";"LOCOMOÇÃO, ALIMENTAÇÃO E  HOSPEDAGEM";"0";"";"RODONORTE";"022.215.310/0056-3";"ADFWM3WZT619";"1";"2008-08-17T00:00:00";"5";"0";"5";"8";"2008";"0";"";"";"408450";"";"";"";"1439";"1615902";""
"Osmar Serraglio";"";"73463";"593";"2007";"PR";"PP";"53";"2";"LOCOMOÇÃO, ALIMENTAÇÃO E  HOSPEDAGEM";"0";"";"RODONORTE";"022.215.310/0056-3";"CIZEDV700MT8";"1";"2008-10-24T00:00:00";"5";"0";"5";"10";"2008";"0";"";"";"408452";"";"";"";"1439";"1616000";""
"Osmar Serraglio";"";"73463";"593";"2007";"PR";"PP";"53";"2";"LOCOMOÇÃO, ALIMENTAÇÃO E  HOSPEDAGEM";"0";"";"RODONORTE";"022.215.310/0064-4";"ADW69OERZ680";"1";"2008-08-17T00:00:00";"7.1";"0";"7.1";"8";"2008";"0";"";"";"408450";"";"";"";"1439";"1615907";""
"Osmar Serraglio";"";"73463";"593";"2007";"PR";"PP";"53";"2";"LOCOMOÇÃO, ALIMENTAÇÃO E  HOSPEDAGEM";"0";"";"RODONORTE";"022.215.310/0099-7";"150919";"1";"2008-10-24T00:00:00";"6.7";"0";"6.7";"10";"2008";"0";"";"";"408452";"";"";"";"1439";"1616003";""
"Osmar Serraglio";"";"73463";"593";"2007";"PR";"PP";"53";"2";"LOCOMOÇÃO, ALIMENTAÇÃO E  HOSPEDAGEM";"0";"";"RODONORTE";"022.215.310/0099-7";"AD73IVLZZ63B";"1";"2008-08-17T00:00:00";"6.7";"0";"6.7";"8";"2008";"0";"";"";"408450";"";"";"";"1439";"1615935";""
"Osmar Serraglio";"";"73463";"593";"2007";"PR";"PP";"53";"2";"LOCOMOÇÃO, ALIMENTAÇÃO E  HOSPEDAGEM";"0";"";"RODONORTE";"022.215.310/0102-0";"160728";"1";"2008-10-24T00:00:00";"6.7";"0";"6.7";"10";"2008";"0";"";"";"408452";"";"";"";"1439";"1616005";""
"Osmar Serraglio";"";"73463";"593";"2007";"PR";"PP";"53";"2";"LOCOMOÇÃO, ALIMENTAÇÃO E  HOSPEDAGEM";"0";"";"RODONORTE";"022.215.310/0102-0";"ADPMIB5GZ60P";"1";"2008-08-17T00:00:00";"6.7";"0";"6.7";"8";"2008";"0";"";"";"408450";"";"";"";"1439";"1615928";""
"Osmar Serraglio";"";"73463";"593";"2007";"PR";"PP";"53";"2";"LOCOMOÇÃO, ALIMENTAÇÃO E  HOSPEDAGEM";"0";"";"RODONORTE";"022.215.310/0110-1";"160538";"1";"2008-10-24T00:00:00";"6.7";"0";"6.7";"10";"2008";"0";"";"";"408452";"";"";"";"1439";"1616008";""
"Osmar Serraglio";"";"73463";"593";"2007";"PR";"PP";"53";"2";"LOCOMOÇÃO, ALIMENTAÇÃO E  HOSPEDAGEM";"0";"";"RODONORTE";"022.215.310/0110-1";"AD5IX115Z6DE";"1";"2008-08-17T00:00:00";"6.7";"0";"6.7";"8";"2008";"0";"";"";"408450";"";"";"";"1439";"1615913";""
"Osmar Serraglio";"";"73463";"593";"2007";"PR";"PP";"53";"2";"LOCOMOÇÃO, ALIMENTAÇÃO E  HOSPEDAGEM";"0";"";"RODOVIA DAS CATARATAS";"022.287.210/0018-9";"0ADE4617";"1";"2008-02-11T00:00:00";"7.8";"0";"7.8";"2";"2008";"0";"";"";"425301";"";"";"";"1439";"1679884";""
"Osmar Serraglio";"";"73463";"593";"2007";"PR";"PP";"53";"2";"LOCOMOÇÃO, ALIMENTAÇÃO E  HOSPEDAGEM";"0";"";"RODOVIA DAS CATARATAS";"022.287.210/0018-9";"0F57DE6A";"1";"2008-02-11T00:00:00";"6";"0";"6";"2";"2008";"0";"";"";"425301";"";"";"";"1439";"1679883";""
"Osmar Serraglio";"";"73463";"593";"2007";"PR";"PP";"53";"2";"LOCOMOÇÃO, ALIMENTAÇÃO E  HOSPEDAGEM";"0";"";"RODOVIA DAS CATARATAS";"022.287.210/0018-9";"4BF681CA";"1";"2008-12-05T00:00:00";"9.2";"0";"9.2";"12";"2008";"0";"";"";"408454";"";"";"";"1439";"1616058";""
"Osmar Serraglio";"";"73463";"593";"2007";"PR";"PP";"53";"2";"LOCOMOÇÃO, ALIMENTAÇÃO E  HOSPEDAGEM";"0";"";"RODOVIA DAS CATARATAS";"022.287.210/0018-9";"s/n";"1";"2008-03-17T00:00:00";"6";"0";"6";"3";"2008";"0";"";"";"425304";"";"";"";"1439";"1679898";""
"Osmar Serraglio";"";"73463";"593";"2007";"PR";"PP";"53";"2";"LOCOMOÇÃO, ALIMENTAÇÃO E  HOSPEDAGEM";"0";"";"RODOVIA DAS CATARATAS";"022.287.210/0018-9";"s/n";"1";"2008-03-17T00:00:00";"7.8";"0";"7.8";"3";"2008";"0";"";"";"425304";"";"";"";"1439";"1679893";""
"Osmar Serraglio";"";"73463";"593";"2007";"PR";"PP";"53";"2";"LOCOMOÇÃO, ALIMENTAÇÃO E  HOSPEDAGEM";"0";"";"RODOVIA DAS CATARATAS";"022.287.210/0018-9";"s/n";"1";"2008-03-17T00:00:00";"7.8";"0";"7.8";"3";"2008";"0";"";"";"425304";"";"";"";"1439";"1679896";""
"Osmar Serraglio";"";"73463";"593";"2007";"PR";"PP";"53";"2";"LOCOMOÇÃO, ALIMENTAÇÃO E  HOSPEDAGEM";"0";"";"RODOVIA DAS CATARATAS SA";"022.287.210/0018-9";"COC5DCB9";"1";"2008-02-11T00:00:00";"7.8";"0";"7.8";"2";"2008";"0";"";"";"425301";"";"";"";"1439";"1679875";""
"Osmar Serraglio";"";"73463";"593";"2007";"PR";"PP";"53";"2";"LOCOMOÇÃO, ALIMENTAÇÃO E  HOSPEDAGEM";"0";"";"RODOVIAS INTEGRADAS DO PARANÁ";"021.916.010/0023-5";"113258";"1";"2008-09-21T00:00:00";"4.8";"0";"4.8";"9";"2008";"0";"";"";"408451";"";"";"";"1439";"1615979";""
"Osmar Serraglio";"";"73463";"593";"2007";"PR";"PP";"53";"2";"LOCOMOÇÃO, ALIMENTAÇÃO E  HOSPEDAGEM";"0";"";"RODOVIAS INTEGRADAS DO PARANÁ";"021.916.010/0023-5";"125225";"1";"2008-11-03T00:00:00";"4.8";"0";"4.8";"11";"2008";"0";"";"";"408453";"";"";"";"1439";"1616026";""
"Osmar Serraglio";"";"73463";"593";"2007";"PR";"PP";"53";"2";"LOCOMOÇÃO, ALIMENTAÇÃO E  HOSPEDAGEM";"0";"";"RODOVIAS INTEGRADAS DO PARANÁ";"021.916.010/0023-5";"220432";"1";"2008-10-24T00:00:00";"4.8";"0";"4.8";"10";"2008";"0";"";"";"408452";"";"";"";"1439";"1616009";""
"Osmar Serraglio";"";"73463";"593";"2007";"PR";"PP";"53";"2";"LOCOMOÇÃO, ALIMENTAÇÃO E  HOSPEDAGEM";"0";"";"RODOVIAS INTEGRADAS DO PARANÁ";"021.916.010/0023-5";"2308523";"1";"2008-02-08T00:00:00";"4.8";"0";"4.8";"2";"2008";"0";"";"";"425301";"";"";"";"1439";"1679877";""
"Osmar Serraglio";"";"73463";"593";"2007";"PR";"PP";"53";"2";"LOCOMOÇÃO, ALIMENTAÇÃO E  HOSPEDAGEM";"0";"";"RODOVIAS INTEGRADAS DO PARANÁ";"021.916.010/0023-5";"236102";"1";"2008-11-03T00:00:00";"4.8";"0";"4.8";"11";"2008";"0";"";"";"408453";"";"";"";"1439";"1616042";""
"Osmar Serraglio";"";"73463";"593";"2007";"PR";"PP";"53";"2";"LOCOMOÇÃO, ALIMENTAÇÃO E  HOSPEDAGEM";"0";"";"RODOVIAS INTEGRADAS DO PARANÁ";"021.916.010/0023-5";"27622";"1";"2008-02-08T00:00:00";"4.8";"0";"4.8";"2";"2008";"0";"";"";"425301";"";"";"";"1439";"1679871";""
"Osmar Serraglio";"";"73463";"593";"2007";"PR";"PP";"53";"2";"LOCOMOÇÃO, ALIMENTAÇÃO E  HOSPEDAGEM";"0";"";"RODOVIAS INTEGRADAS DO PARANÁ";"021.916.010/0023-5";"73345";"1";"2008-09-24T00:00:00";"4.8";"0";"4.8";"9";"2008";"0";"";"";"408451";"";"";"";"1439";"1615974";""
"Osmar Serraglio";"";"73463";"593";"2007";"PR";"PP";"53";"2";"LOCOMOÇÃO, ALIMENTAÇÃO E  HOSPEDAGEM";"0";"";"RODOVIAS INTEGRADAS DO PARANÁ";"021.916.010/0023-5";"900031";"1";"2008-08-17T00:00:00";"4.8";"0";"4.8";"8";"2008";"0";"";"";"408450";"";"";"";"1439";"1615924";""
"Osmar Serraglio";"";"73463";"593";"2007";"PR";"PP";"53";"2";"LOCOMOÇÃO, ALIMENTAÇÃO E  HOSPEDAGEM";"0";"";"RODOVIAS INTEGRADAS DO PARANÁ";"021.916.010/0023-5";"90467";"1";"2008-09-21T00:00:00";"4.8";"0";"4.8";"9";"2008";"0";"";"";"408451";"";"";"";"1439";"1615983";""
"Osmar Serraglio";"";"73463";"593";"2007";"PR";"PP";"53";"2";"LOCOMOÇÃO, ALIMENTAÇÃO E  HOSPEDAGEM";"0";"";"RODOVIAS INTEGRADAS DO PARANÁ";"021.916.010/0023-5";"96361";"1";"2008-09-24T00:00:00";"4.8";"0";"4.8";"9";"2008";"0";"";"";"408451";"";"";"";"1439";"1615977";""
"Osmar Serraglio";"";"73463";"593";"2007";"PR";"PP";"53";"2";"LOCOMOÇÃO, ALIMENTAÇÃO E  HOSPEDAGEM";"0";"";"RODOVIAS INTEGRADAS DO PARANÁ";"021.916.010/0040-5";"84724";"1";"2008-09-24T00:00:00";"7.1";"0";"7.1";"9";"2008";"0";"";"";"408451";"";"";"";"1439";"1615967";""
"Osmar Serraglio";"";"73463";"593";"2007";"PR";"PP";"53";"2";"LOCOMOÇÃO, ALIMENTAÇÃO E  HOSPEDAGEM";"0";"";"RODOVIAS INTEGRADAS DO PARANÁ";"021.916.010/0074-0";"132302";"1";"2008-11-16T00:00:00";"4.8";"0";"4.8";"11";"2008";"0";"";"";"395054";"";"";"";"1439";"1578647";""
"Osmar Serraglio";"";"73463";"593";"2007";"PR";"PP";"53";"2";"LOCOMOÇÃO, ALIMENTAÇÃO E  HOSPEDAGEM";"0";"";"RODOVIAS INTEGRADAS DO PARANÁ";"021.916.010/0074-0";"177695";"1";"2008-11-03T00:00:00";"4.8";"0";"4.8";"11";"2008";"0";"";"";"408453";"";"";"";"1439";"1616034";""
"Osmar Serraglio";"";"73463";"593";"2007";"PR";"PP";"53";"2";"LOCOMOÇÃO, ALIMENTAÇÃO E  HOSPEDAGEM";"0";"";"RODOVIAS INTEGRADAS DO PARANÁ";"021.916.010/0074-0";"204358";"1";"2008-11-03T00:00:00";"4.8";"0";"4.8";"11";"2008";"0";"";"";"408453";"";"";"";"1439";"1616031";""
"Osmar Serraglio";"";"73463";"593";"2007";"PR";"PP";"53";"2";"LOCOMOÇÃO, ALIMENTAÇÃO E  HOSPEDAGEM";"0";"";"RODOVIAS INTEGRADAS DO PARANÁ";"021.916.010/0074-0";"2417505";"1";"2008-03-04T00:00:00";"4.8";"0";"4.8";"3";"2008";"0";"";"";"425304";"";"";"";"1439";"1679892";""
"Osmar Serraglio";"";"73463";"593";"2007";"PR";"PP";"53";"2";"LOCOMOÇÃO, ALIMENTAÇÃO E  HOSPEDAGEM";"0";"";"RODOVIAS INTEGRADAS DO PARANÁ";"021.916.010/0074-0";"60756";"1";"2008-09-24T00:00:00";"4.8";"0";"4.8";"9";"2008";"0";"";"";"408451";"";"";"";"1439";"1615972";""
"Osmar Serraglio";"";"73463";"593";"2007";"PR";"PP";"53";"2";"LOCOMOÇÃO, ALIMENTAÇÃO E  HOSPEDAGEM";"0";"";"RODOVIAS INTEGRADAS DO PARANÁ";"021.916.010/0074-0";"95625";"1";"2008-09-24T00:00:00";"4.8";"0";"4.8";"9";"2008";"0";"";"";"408451";"";"";"";"1439";"1615982";""
"Osmar Serraglio";"";"73463";"593";"2007";"PR";"PP";"53";"2";"LOCOMOÇÃO, ALIMENTAÇÃO E  HOSPEDAGEM";"0";"";"RODOVIAS INTEGRADAS DO PARANÁ SA";"021.916.010/0023-5";"104049";"1";"2008-11-14T00:00:00";"7.2";"0";"7.2";"11";"2008";"0";"";"";"395054";"";"";"";"1439";"1578650";""
"Osmar Serraglio";"";"73463";"593";"2007";"PR";"PP";"53";"2";"LOCOMOÇÃO, ALIMENTAÇÃO E  HOSPEDAGEM";"0";"";"RODOVIAS INTEGRADAS DO PARANÁ SA";"021.916.010/0058-8";"148769";"1";"2008-12-10T00:00:00";"7.8";"0";"7.8";"12";"2008";"0";"";"";"395055";"";"";"";"1439";"1578663";""
"Osmar Serraglio";"";"73463";"593";"2007";"PR";"PP";"53";"2";"LOCOMOÇÃO, ALIMENTAÇÃO E  HOSPEDAGEM";"0";"";"RODOVIAS INTEGRADAS DO PARANÁ SA";"021.916.010/0066-9";"111539";"1";"2008-12-10T00:00:00";"7.8";"0";"7.8";"12";"2008";"0";"";"";"395055";"";"";"";"1439";"1578664";""
"Osmar Serraglio";"";"73463";"593";"2007";"PR";"PP";"53";"2";"LOCOMOÇÃO, ALIMENTAÇÃO E  HOSPEDAGEM";"0";"";"RODOVIAS INTEGRADAS DO PARANÁ SA";"021.916.010/0074-0";"183980";"1";"2008-11-14T00:00:00";"7.2";"0";"7.2";"11";"2008";"0";"";"";"395054";"";"";"";"1439";"1578649";""
"Osmar Serraglio";"";"73463";"593";"2007";"PR";"PP";"53";"3";"COMBUSTÍVEIS E LUBRIFICANTES.";"1";"Veículos Automotores";"AUTO POSTO MODELO";"033.707.400/0010-8";"142057";"0";"2008-01-18T00:00:00";"99.08";"0";"99.08";"1";"2008";"0";"";"";"424750";"";"";"";"1439";"1678120";""
"Osmar Serraglio";"";"73463";"593";"2007";"PR";"PP";"53";"3";"COMBUSTÍVEIS E LUBRIFICANTES.";"1";"Veículos Automotores";"AUTO POSTO PRA FRENTE BRASIL";"048.684.120/0010-7";"061093";"0";"2008-02-18T00:00:00";"82.74";"0";"82.74";"2";"2008";"0";"";"";"425280";"";"";"";"1439";"1679832";""
"Osmar Serraglio";"";"73463";"593";"2007";"PR";"PP";"53";"3";"COMBUSTÍVEIS E LUBRIFICANTES.";"1";"Veículos Automotores";"FM COMÉRCIO DE COMBUSTÍVEIS";"018.277.040/0010-3";"071896";"0";"2008-01-19T00:00:00";"50.01";"0";"50.01";"1";"2008";"0";"";"";"408445";"";"";"";"1439";"1615466";""
"Osmar Serraglio";"";"73463";"593";"2007";"PR";"PP";"53";"3";"COMBUSTÍVEIS E LUBRIFICANTES.";"1";"Veículos Automotores";"FM COMÉRCIO DE COMBUSTIVEIS";"018.277.040/0010-3";"080054";"0";"2008-03-01T00:00:00";"72";"0";"72";"3";"2008";"0";"";"";"408446";"";"";"";"1439";"1615858";""
"Osmar Serraglio";"";"73463";"593";"2007";"PR";"PP";"53";"3";"COMBUSTÍVEIS E LUBRIFICANTES.";"1";"Veículos Automotores";"FM COMÉRCIO DE COMBUSTÍVEIS";"018.277.040/0010-3";"080431";"0";"2008-03-02T00:00:00";"42.38";"0";"42.38";"3";"2008";"0";"";"";"408446";"";"";"";"1439";"1615862";""
"Osmar Serraglio";"";"73463";"593";"2007";"PR";"PP";"53";"3";"COMBUSTÍVEIS E LUBRIFICANTES.";"1";"Veículos Automotores";"FM COMÉRCIO DE COMBUSTÍVEIS";"018.277.040/0010-3";"080775";"0";"2008-03-04T00:00:00";"74";"0";"74";"3";"2008";"0";"";"";"408446";"";"";"";"1439";"1615865";""
"Osmar Serraglio";"";"73463";"593";"2007";"PR";"PP";"53";"3";"COMBUSTÍVEIS E LUBRIFICANTES.";"1";"Veículos Automotores";"FM COMÉRCIO DE COMBUSTÍVEIS";"018.277.040/0010-3";"081293";"0";"2008-03-07T00:00:00";"106.29";"0";"106.29";"3";"2008";"0";"";"";"408446";"";"";"";"1439";"1615868";""
"Osmar Serraglio";"";"73463";"593";"2007";"PR";"PP";"53";"3";"COMBUSTÍVEIS E LUBRIFICANTES.";"1";"Veículos Automotores";"FM COMÉRCIO DE COMBUSTÍVEIS";"018.277.040/0010-3";"081471";"0";"2008-03-07T00:00:00";"85.94";"0";"85.94";"3";"2008";"0";"";"";"408446";"";"";"";"1439";"1615873";""
"Osmar Serraglio";"";"73463";"593";"2007";"PR";"PP";"53";"3";"COMBUSTÍVEIS E LUBRIFICANTES.";"1";"Veículos Automotores";"FM COMÉRCIO DE COMBUSTÍVEIS";"018.277.040/0010-3";"082733";"0";"2008-03-14T00:00:00";"74.28";"0";"74.28";"3";"2008";"0";"";"";"408447";"";"";"";"1439";"1615878";""
"Osmar Serraglio";"";"73463";"593";"2007";"PR";"PP";"53";"3";"COMBUSTÍVEIS E LUBRIFICANTES.";"1";"Veículos Automotores";"FM COMÉRCIO DE COMBUSTÍVEIS";"018.277.040/0010-3";"083447";"0";"2008-03-17T00:00:00";"97.55";"0";"97.55";"3";"2008";"0";"";"";"408447";"";"";"";"1439";"1615884";""
"Osmar Serraglio";"";"73463";"593";"2007";"PR";"PP";"53";"3";"COMBUSTÍVEIS E LUBRIFICANTES.";"1";"Veículos Automotores";"FM COMÉRCIO DE COMBUSTÍVEIS";"018.277.040/0010-3";"084783";"0";"2008-03-24T00:00:00";"100.37";"0";"100.37";"3";"2008";"0";"";"";"408446";"";"";"";"1439";"1615843";""
"Osmar Serraglio";"";"73463";"593";"2007";"PR";"PP";"53";"3";"COMBUSTÍVEIS E LUBRIFICANTES.";"1";"Veículos Automotores";"FM COMÉRCIO DE COMBUSTÍVEIS";"018.277.040/0010-3";"084786";"0";"2008-03-24T00:00:00";"80";"0";"80";"3";"2008";"0";"";"";"408446";"";"";"";"1439";"1615848";""
"Osmar Serraglio";"";"73463";"593";"2007";"PR";"PP";"53";"3";"COMBUSTÍVEIS E LUBRIFICANTES.";"1";"Veículos Automotores";"FM COMÉRCIO DE COMBUSTÍVEIS";"018.277.040/0010-3";"085382";"0";"2008-03-27T00:00:00";"77.01";"0";"77.01";"3";"2008";"0";"";"";"408446";"";"";"";"1439";"1615853";""
"Osmar Serraglio";"";"73463";"593";"2007";"PR";"PP";"53";"3";"COMBUSTÍVEIS E LUBRIFICANTES.";"1";"Veículos Automotores";"FM COMÉRCIO DE COMBUSTÍVEIS";"018.277.040/0010-3";"086235";"0";"2008-03-31T00:00:00";"75.49";"0";"75.49";"3";"2008";"0";"";"";"408446";"";"";"";"1439";"1615630";""
"Osmar Serraglio";"";"73463";"593";"2007";"PR";"PP";"53";"3";"COMBUSTÍVEIS E LUBRIFICANTES.";"1";"Veículos Automotores";"FM COMÉRCIO DE COMBUSTÍVEIS";"018.277.040/0010-3";"086299";"0";"2008-03-31T00:00:00";"75.69";"0";"75.69";"3";"2008";"0";"";"";"408447";"";"";"";"1439";"1619209";""
"Osmar Serraglio";"";"73463";"593";"2007";"PR";"PP";"53";"3";"COMBUSTÍVEIS E LUBRIFICANTES.";"1";"Veículos Automotores";"FM COMÉRCIO DE COMBUSTÍVEIS LTDA";"018.277.040/0010-3";"085613";"0";"2008-03-28T00:00:00";"89.72";"0";"89.72";"3";"2008";"0";"";"";"408446";"";"";"";"1439";"1615835";""
"Osmar Serraglio";"";"73463";"593";"2007";"PR";"PP";"53";"3";"COMBUSTÍVEIS E LUBRIFICANTES.";"1";"Veículos Automotores";"POSTO 25 DE JULHO";"032.730.660/0014-3";"164289";"0";"2008-03-16T00:00:00";"83.01";"0";"83.01";"3";"2008";"0";"";"";"425304";"";"";"";"1439";"1679901";""
"Osmar Serraglio";"";"73463";"593";"2007";"PR";"PP";"53";"3";"COMBUSTÍVEIS E LUBRIFICANTES.";"1";"Veículos Automotores";"POSTO MANAUS";"018.277.040/0010-3";"000230";"0";"2008-02-29T00:00:00";"361.86";"0";"361.86";"2";"2008";"0";"";"";"425280";"";"";"";"1439";"1679837";""
"Osmar Serraglio";"";"73463";"593";"2007";"PR";"PP";"53";"3";"COMBUSTÍVEIS E LUBRIFICANTES.";"1";"Veículos Automotores";"POSTO PINHEIRÃO";"005.095.900/0018-2";"021034";"0";"2008-03-04T00:00:00";"87.69";"0";"87.69";"3";"2008";"0";"";"";"425308";"";"";"";"1439";"1679918";""
"Osmar Serraglio";"";"73463";"593";"2007";"PR";"PP";"53";"3";"COMBUSTÍVEIS E LUBRIFICANTES.";"1";"Veículos Automotores";"POSTO PIONEIRO";"443.655.420/0013-3";"010848";"0";"2008-03-20T00:00:00";"67";"0";"67";"3";"2008";"0";"";"";"425304";"";"";"";"1439";"1679899";""
"Osmar Serraglio";"";"73463";"593";"2007";"PR";"PP";"53";"3";"COMBUSTÍVEIS E LUBRIFICANTES.";"1";"Veículos Automotores";"POSTO PIONEIRO";"443.655.420/0013-3";"011128";"0";"2008-03-23T00:00:00";"55";"0";"55";"3";"2008";"0";"";"";"425304";"";"";"";"1439";"1679900";""
"Osmar Serraglio";"";"73463";"593";"2007";"PR";"PP";"53";"3";"COMBUSTÍVEIS E LUBRIFICANTES.";"1";"Veículos Automotores";"POSTO PRESIDENTE";"016.513.040/0018-1";"003295";"0";"2008-01-31T00:00:00";"5608.42";"1965.67";"3642.75";"1";"2008";"0";"";"";"424750";"";"";"";"1439";"1678124";""
"Osmar Serraglio";"";"73463";"593";"2007";"PR";"PP";"53";"3";"COMBUSTÍVEIS E LUBRIFICANTES.";"1";"Veículos Automotores";"POSTO PRESIDENTE";"016.513.040/0018-1";"003336";"0";"2008-02-29T00:00:00";"4405.03";"1338.68";"3066.35";"2";"2008";"0";"";"";"425280";"";"";"";"1439";"1679840";""
"Osmar Serraglio";"";"73463";"593";"2007";"PR";"PP";"53";"3";"COMBUSTÍVEIS E LUBRIFICANTES.";"1";"Veículos Automotores";"POSTO PRESIDENTE";"016.513.040/0018-1";"003359";"0";"2008-03-31T00:00:00";"6715.34";"4867.12";"1848.22";"3";"2008";"0";"";"";"425308";"";"";"";"1439";"1679922";""
"Osmar Serraglio";"";"73463";"593";"2007";"PR";"PP";"53";"3";"COMBUSTÍVEIS E LUBRIFICANTES.";"1";"Veículos Automotores";"POSTO PRESIDENTE";"016.513.040/0018-1";"3689";"0";"2008-11-29T00:00:00";"2735.35";"1615.17";"1120.18";"11";"2008";"0";"";"";"389507";"";"";"";"1439";"1566262";""
"Osmar Serraglio";"";"73463";"593";"2007";"PR";"PP";"53";"3";"COMBUSTÍVEIS E LUBRIFICANTES.";"1";"Veículos Automotores";"POSTO PRESIDENTE";"016.513.040/0018-1";"3785";"0";"2008-12-31T00:00:00";"4432.66";"637.67";"3794.99";"12";"2008";"0";"";"";"389502";"";"";"";"1439";"1566256";""
"Osmar Serraglio";"";"73463";"593";"2007";"PR";"PP";"53";"5";"DIVULGAÇÃO DA ATIVIDADE PARLAMENTAR.";"0";"";"RÁDIO CULTURA DE UMUARAMA";"763.684.300/0012-2";"3854";"0";"2008-03-05T00:00:00";"1500";"0";"1500";"3";"2008";"0";"";"";"425309";"";"";"";"1439";"1679925";""
"Osmar Serraglio";"";"73463";"593";"2007";"PR";"PP";"53";"5";"DIVULGAÇÃO DA ATIVIDADE PARLAMENTAR.";"0";"";"RÁDIO CULTURA DE UMUARAMA LTDA";"763.684.300/0012-2";"4040";"0";"2008-12-14T00:00:00";"500";"0";"500";"12";"2008";"0";"";"";"389503";"";"";"";"1439";"1566259";""
"Osmar Serraglio";"";"73463";"593";"2007";"PR";"PP";"53";"5";"DIVULGAÇÃO DA ATIVIDADE PARLAMENTAR.";"0";"";"TERCEIRO MILÊNIO";"017.884.000/0017-6";"1563";"0";"2008-03-30T00:00:00";"1140";"0";"1140";"3";"2008";"0";"";"";"425309";"";"";"";"1439";"1679923";""
"Osmar Serraglio";"";"73463";"593";"2007";"PR";"PP";"53";"6";"AQUISIÇÃO DE MATERIAL DE ESCRITÓRIO.";"0";"";"ROROESTE PAPELARIA";"075.189.840/0014-6";"011186";"0";"2008-12-09T00:00:00";"22.7";"0";"22.7";"12";"2008";"0";"";"";"395055";"";"";"";"1439";"1578657";""
"Osmar Serraglio";"";"73463";"593";"2007";"PR";"PP";"53";"6";"AQUISIÇÃO DE MATERIAL DE ESCRITÓRIO.";"0";"";"RUBENS PAPELARIA LTDA";"074.153.550/0019-0";"027536";"0";"2008-12-15T00:00:00";"9.65";"0";"9.65";"12";"2008";"0";"";"";"395055";"";"";"";"1439";"1578656";""
"Osmar Serraglio";"";"73463";"593";"2007";"PR";"PP";"53";"6";"AQUISIÇÃO DE MATERIAL DE ESCRITÓRIO.";"0";"";"SÉCULLUS CARTUCHOS TINTA E TONER";"069.079.620/0010-5";"10027";"0";"2008-12-15T00:00:00";"96";"0";"96";"12";"2008";"0";"";"";"395055";"";"";"";"1439";"1578662";""
"Osmar Serraglio";"";"73463";"593";"2007";"PR";"PP";"53";"6";"AQUISIÇÃO DE MATERIAL DE ESCRITÓRIO.";"0";"";"SÉCULLUS CARTUCHOS TINTA E TONER";"069.079.620/0010-5";"10065";"0";"2008-12-16T00:00:00";"96";"0";"96";"12";"2008";"0";"";"";"395055";"";"";"";"1439";"1578660";""
"Osmar Serraglio";"";"73463";"593";"2007";"PR";"PP";"53";"6";"AQUISIÇÃO DE MATERIAL DE ESCRITÓRIO.";"0";"";"SÉCULLUS CARTUCHOS TINTA E TONER";"069.079.620/0010-5";"9625";"0";"2008-11-11T00:00:00";"15";"0";"15";"11";"2008";"0";"";"";"395054";"";"";"";"1439";"1578652";""
"Osmar Serraglio";"";"73463";"593";"2007";"PR";"PP";"53";"6";"AQUISIÇÃO DE MATERIAL DE ESCRITÓRIO.";"0";"";"SÉCULLUS CARTUCHOS TINTA E TONER";"069.079.620/0010-5";"9836";"0";"2008-12-01T00:00:00";"50";"0";"50";"12";"2008";"0";"";"";"395055";"";"";"";"1439";"1578659";""
"Osmar Serraglio";"";"73463";"593";"2007";"PR";"PP";"53";"6";"AQUISIÇÃO DE MATERIAL DE ESCRITÓRIO.";"0";"";"SÉCULLUS CARTUCHOS TINTA E TONNER";"069.079.620/0010-5";"9627";"0";"2008-11-11T00:00:00";"15";"0";"15";"11";"2008";"0";"";"";"395054";"";"";"";"1439";"1578651";""
"Osmar Serraglio";"";"73463";"593";"2007";"PR";"PP";"53";"7";"AQUISIÇÃO OU LOC. DE SOFTWARE; SERV. POSTAIS; ASS.";"0";"";"EDITORA O ESTADO DO PARANÁ";"765.687.080/0010-5";"028605";"0";"2008-09-11T00:00:00";"346";"0";"346";"9";"2008";"0";"";"";"408451";"";"";"";"1439";"1615995";""
"SILVIO TORRES";"";"73560";"391";"2007";"SP";"PSDB";"53";"1";"MANUTENÇÃO DE ESCRITÓRIO DE APOIO À ATIVIDADE PARLAMENTAR";"0";"";"A TELECOM S/A";"034.988.970/0020-2";"000001843";"0";"2008-07-08T00:00:00";"1604.55";"0";"1604.55";"7";"2008";"0";"";"";"445267";"";"";"";"1175";"1747358";""
"SILVIO TORRES";"";"73560";"391";"2007";"SP";"PSDB";"53";"1";"MANUTENÇÃO DE ESCRITÓRIO DE APOIO À ATIVIDADE PARLAMENTAR";"0";"";"A TELECOM S/A";"034.988.970/0020-2";"000002078";"0";"2008-01-07T00:00:00";"1534.14";"0";"1534.14";"1";"2008";"0";"";"";"445262";"";"";"";"1175";"1747351";""
"SILVIO TORRES";"";"73560";"391";"2007";"SP";"PSDB";"53";"1";"MANUTENÇÃO DE ESCRITÓRIO DE APOIO À ATIVIDADE PARLAMENTAR";"0";"";"A TELECOM S/A";"034.988.970/0020-2";"000002634";"0";"2008-05-08T00:00:00";"1437.14";"0";"1437.14";"5";"2008";"0";"";"";"445264";"";"";"";"1175";"1747354";""
"SILVIO TORRES";"";"73560";"391";"2007";"SP";"PSDB";"53";"1";"MANUTENÇÃO DE ESCRITÓRIO DE APOIO À ATIVIDADE PARLAMENTAR";"0";"";"A TELECOM S/A";"034.988.970/0020-2";"000003051";"0";"2008-04-10T00:00:00";"1572.91";"0";"1572.91";"4";"2008";"0";"";"";"445263";"";"";"";"1175";"1747352";""
"SILVIO TORRES";"";"73560";"391";"2007";"SP";"PSDB";"53";"2";"LOCOMOÇÃO, ALIMENTAÇÃO E  HOSPEDAGEM";"0";"";"JB VEICULOS LTDA";"022.729.010/0016-8";"151/2008";"1";"2008-04-02T00:00:00";"219";"0";"219";"3";"2008";"0";"";"";"393164";"";"";"";"1175";"1577579";""
"SILVIO TORRES";"";"73560";"391";"2007";"SP";"PSDB";"53";"2";"LOCOMOÇÃO, ALIMENTAÇÃO E  HOSPEDAGEM";"0";"";"JB VEICULOS LTDA";"022.729.010/0016-8";"357";"1";"2008-08-13T00:00:00";"680";"0";"680";"5";"2008";"0";"";"";"393168";"";"";"";"1175";"1577592";""
"SILVIO TORRES";"";"73560";"391";"2007";"SP";"PSDB";"53";"2";"LOCOMOÇÃO, ALIMENTAÇÃO E  HOSPEDAGEM";"0";"";"JB VEÍCULOS LTDA";"022.729.010/0016-8";"463/2008";"1";"2008-10-23T00:00:00";"80";"0";"80";"9";"2008";"0";"";"";"391038";"";"";"";"1175";"1572461";""
"SILVIO TORRES";"";"73560";"391";"2007";"SP";"PSDB";"53";"2";"LOCOMOÇÃO, ALIMENTAÇÃO E  HOSPEDAGEM";"0";"";"JB VEÍCULOS LTDA";"022.729.010/0016-8";"463/2008";"1";"2008-10-23T00:00:00";"240";"80";"160";"10";"2008";"0";"";"";"391038";"";"";"";"1175";"1570589";""
"SILVIO TORRES";"";"73560";"391";"2007";"SP";"PSDB";"53";"2";"LOCOMOÇÃO, ALIMENTAÇÃO E  HOSPEDAGEM";"0";"";"JB VEÍCULOS LTDA";"022.729.010/0016-8";"545/2008";"1";"2008-12-08T00:00:00";"160";"0";"160";"11";"2008";"0";"";"";"391039";"";"";"";"1175";"1572469";""
"SILVIO TORRES";"";"73560";"391";"2007";"SP";"PSDB";"53";"2";"LOCOMOÇÃO, ALIMENTAÇÃO E  HOSPEDAGEM";"0";"";"JB VEÍCULOS LTDA";"022.729.010/0016-8";"545/2008";"1";"2008-12-08T00:00:00";"320";"160";"160";"12";"2008";"0";"";"";"391039";"";"";"";"1175";"1570591";""
"SILVIO TORRES";"";"73560";"391";"2007";"SP";"PSDB";"53";"2";"LOCOMOÇÃO, ALIMENTAÇÃO E  HOSPEDAGEM";"0";"";"QUALILY ALUGUEL DE VEICULOS LTDA";"726.530.090/0010-2";"5646";"0";"2009-01-02T00:00:00";"2600";"0";"2600";"12";"2008";"0";"";"";"388065";"";"";"";"1175";"1561881";""
"VADÃO GOMES";"";"73564";"392";"2007";"SP";"PP**";"53";"1";"MANUTENÇÃO DE ESCRITÓRIO DE APOIO À ATIVIDADE PARLAMENTAR";"0";"";"JOSÉ CARARETO";"218.775.648/34  -";"012";"1";"2008-12-30T00:00:00";"470";"0";"470";"12";"2008";"0";"";"";"388529";"";"";"";"756";"1563178";""
"VADÃO GOMES";"";"73564";"392";"2007";"SP";"PP**";"53";"7";"AQUISIÇÃO OU LOC. DE SOFTWARE; SERV. POSTAIS; ASS.";"0";"";"FUTURA T.INFORMATICA LTDA";"021.966.140/0011-6";"090195";"0";"2008-12-17T00:00:00";"87";"0";"87";"12";"2008";"0";"";"";"397588";"";"";"";"756";"1589969";""
"ZÉ GERALDO";"";"73931";"25";"2007";"PA";"PT";"53";"1";"MANUTENÇÃO DE ESCRITÓRIO DE APOIO À ATIVIDADE PARLAMENTAR";"0";"";"CHÃO & TETO BRASIL BROKERS";"089.134.310/0015-0";"S/Nº";"1";"2008-08-28T00:00:00";"4495.99";"495.99";"4000";"8";"2008";"0";"";"";"409264";"";"";"";"1706";"1625004";""
"ZÉ GERALDO";"";"73931";"25";"2007";"PA";"PT";"53";"1";"MANUTENÇÃO DE ESCRITÓRIO DE APOIO À ATIVIDADE PARLAMENTAR";"0";"";"CHÃO & TETO BRASIL BROKERS";"089.134.310/0015-0";"S/Nº";"1";"2008-10-06T00:00:00";"4945.58";"945.58";"4000";"10";"2008";"0";"";"";"409263";"";"";"";"1706";"1625009";""
"ZÉ GERALDO";"";"73931";"25";"2007";"PA";"PT";"53";"1";"MANUTENÇÃO DE ESCRITÓRIO DE APOIO À ATIVIDADE PARLAMENTAR";"0";"";"CHÃO & TETO BRASIL BROKERS";"089.134.310/0015-0";"S/Nº";"1";"2008-12-28T00:00:00";"4495.99";"495.99";"4000";"12";"2008";"0";"";"";"409261";"";"";"";"1706";"1625013";""
"ZÉ GERALDO";"";"73931";"25";"2007";"PA";"PT";"53";"1";"MANUTENÇÃO DE ESCRITÓRIO DE APOIO À ATIVIDADE PARLAMENTAR";"0";"";"CHÃO E TETO BRASIL BROKERS";"089.134.310/0015-0";"S/N";"1";"2008-07-28T00:00:00";"2939.15";"2443.16";"495.99";"7";"2008";"0";"";"";"409265";"";"";"";"1706";"1632374";""
"ZÉ GERALDO";"";"73931";"25";"2007";"PA";"PT";"53";"1";"MANUTENÇÃO DE ESCRITÓRIO DE APOIO À ATIVIDADE PARLAMENTAR";"0";"";"CHÃO E TETO BRASIL BROKERS";"089.134.310/0015-0";"S/N";"1";"2008-07-28T00:00:00";"4495.99";"3435.14";"1060.85";"7";"2008";"0";"";"";"409265";"";"";"";"1706";"1625000";""
"VALDIR COLATTO";"";"74010";"489";"2007";"SC";"MDB";"53";"2";"LOCOMOÇÃO, ALIMENTAÇÃO E  HOSPEDAGEM";"0";"";"BEZERRA COMÉRCIO E PANIFICAÇÃO LTDA";"073.098.770/0010-8";"6378";"0";"2008-11-24T00:00:00";"32.64";"0";"32.64";"11";"2008";"0";"";"";"393825";"";"";"";"527";"1579431";""
"VALDIR COLATTO";"";"74010";"489";"2007";"SC";"MDB";"53";"3";"COMBUSTÍVEIS E LUBRIFICANTES.";"1";"Veículos Automotores";"CONVER COMBUSTÍVEIS AUTOMOTIVOS LTDA";"000.385.050/0049-8";"158757";"0";"2008-11-09T00:00:00";"30";"0";"30";"11";"2008";"0";"";"";"393825";"";"";"";"527";"1579428";""
"VALDIR COLATTO";"";"74010";"489";"2007";"SC";"MDB";"53";"5";"DIVULGAÇÃO DA ATIVIDADE PARLAMENTAR.";"0";"";"META EDITORA GRÁFICA LTDA";"070.456.530/0021-7";"000140";"0";"2008-12-23T00:00:00";"15200";"0";"15200";"12";"2008";"0";"";"";"396926";"";"";"";"527";"1587834";""
"VALDIR COLATTO";"";"74010";"489";"2007";"SC";"MDB";"53";"5";"DIVULGAÇÃO DA ATIVIDADE PARLAMENTAR.";"0";"";"META EDITORA LTDA";"070.456.530/0021-7";"000067";"0";"2008-11-21T00:00:00";"5040";"1964.78";"3075.22";"11";"2008";"0";"";"";"405594";"";"";"";"527";"1613346";""
"RIBAMAR ALVES";"";"74027";"74";"2007";"MA";"PSB";"53";"3";"COMBUSTÍVEIS E LUBRIFICANTES.";"1";"Veículos Automotores";"AUO POSTO CARAJÁS";"076.851.770/0011-8";"3464";"0";"2008-07-19T00:00:00";"92";"0";"92";"7";"2008";"0";"";"";"390665";"";"";"";"1597";"1569704";""
"RIBAMAR ALVES";"";"74027";"74";"2007";"MA";"PSB";"53";"3";"COMBUSTÍVEIS E LUBRIFICANTES.";"1";"Veículos Automotores";"AUTO POSTO CONZAGAO LTDA";"050.529.870/0010-1";"067588";"0";"2008-07-20T00:00:00";"107";"0";"107";"7";"2008";"0";"";"";"390665";"";"";"";"1597";"1569709";""
"RIBAMAR ALVES";"";"74027";"74";"2007";"MA";"PSB";"53";"3";"COMBUSTÍVEIS E LUBRIFICANTES.";"1";"Veículos Automotores";"AUTO POSTO RIBEIRAOZINHO";"102.575.660/0015-7";"216927";"0";"2008-07-19T00:00:00";"110.01";"0";"110.01";"7";"2008";"0";"";"";"390665";"";"";"";"1597";"1569719";""
"RIBAMAR ALVES";"";"74027";"74";"2007";"MA";"PSB";"53";"3";"COMBUSTÍVEIS E LUBRIFICANTES.";"1";"Veículos Automotores";"CONVER COMBUSTIVEIS AUTOMOTIVOS LTDA";"000.385.050/0057-9";"014852";"0";"2008-12-18T00:00:00";"115";"70.37";"44.63";"12";"2008";"0";"";"";"390665";"";"";"";"1597";"1569723";""
"RIBAMAR ALVES";"";"74027";"74";"2007";"MA";"PSB";"53";"3";"COMBUSTÍVEIS E LUBRIFICANTES.";"1";"Veículos Automotores";"POSTO PALOMA";"351.968.230/0011-9";"030588";"0";"2008-07-11T00:00:00";"141.87";"0";"141.87";"7";"2008";"0";"";"";"390665";"";"";"";"1597";"1569712";""
"RIBAMAR ALVES";"";"74027";"74";"2007";"MA";"PSB";"53";"3";"COMBUSTÍVEIS E LUBRIFICANTES.";"1";"Veículos Automotores";"POSTO PALOMA";"351.968.230/0011-9";"030778";"0";"2008-07-18T00:00:00";"251.37";"0";"251.37";"7";"2008";"0";"";"";"390665";"";"";"";"1597";"1569714";""
"Wellington Roberto";"";"74043";"136";"2007";"PB";"PSD";"53";"2";"LOCOMOÇÃO, ALIMENTAÇÃO E  HOSPEDAGEM";"0";"";"TAM VIAGENS";"059.162.390/0012-0";"95705684894445";"0";"2008-02-07T00:00:00";"1041.74";"41.74";"1000";"2";"2008";"0";"";"";"442938";"";"";"";"1703";"1740052";""
"CARLOS WILLIAN";"";"74148";"222";"2007";"MG";"PTC";"53";"2";"LOCOMOÇÃO, ALIMENTAÇÃO E  HOSPEDAGEM";"0";"";"GEODIDATICA  INDUSTRIA E COMERCIO LTDA - ME";"038.920.180/0013-3";"000292";"0";"2008-12-31T00:00:00";"7125.06";"120.3";"7004.76";"12";"2008";"0";"";"";"388379";"";"";"";"1554";"1562902";""
"DOMINGOS DUTRA";"";"74197";"72";"2007";"MA";"SDD";"53";"2";"LOCOMOÇÃO, ALIMENTAÇÃO E  HOSPEDAGEM";"0";"";"SINTAXI";"074.241.090/0010-3";"S/N";"1";"2008-08-20T00:00:00";"34";"0";"34";"8";"2008";"0";"";"";"400197";"";"";"";"1003";"1597786";""
"DOMINGOS DUTRA";"";"74197";"72";"2007";"MA";"SDD";"53";"3";"COMBUSTÍVEIS E LUBRIFICANTES.";"1";"Veículos Automotores";"REVENDEDORA DE PETROLEO MORAIS LTDA";"079.944.090/0011-0";"1799";"0";"2008-12-19T00:00:00";"20";"0";"20";"12";"2008";"0";"";"";"392196";"";"";"";"1003";"1574135";""
"DOMINGOS DUTRA";"";"74197";"72";"2007";"MA";"SDD";"53";"4";"CONSULTORIAS, PESQUISAS E TRABALHOS TÉCNICOS.";"0";"";"SALVEGO & SALVEGO";"083.810.230/0010-3";"0037";"0";"2008-12-17T00:00:00";"895";"0";"895";"12";"2008";"0";"";"";"392197";"";"";"";"1003";"1574145";""
"JOSÉ MENTOR";"";"74275";"367";"2007";"SP";"PT";"53";"1";"MANUTENÇÃO DE ESCRITÓRIO DE APOIO À ATIVIDADE PARLAMENTAR";"0";"";"ELETROPAULO";"616.952.270/0019-3";"003845379";"0";"2008-10-08T00:00:00";"170";"4.99";"165.01";"10";"2008";"0";"";"";"406048";"";"";"";"1567";"1614233";""
"JOSÉ MENTOR";"";"74275";"367";"2007";"SP";"PT";"53";"1";"MANUTENÇÃO DE ESCRITÓRIO DE APOIO À ATIVIDADE PARLAMENTAR";"0";"";"EMBRATEL";"335.304.860/0012-9";"000222356";"0";"2008-09-24T00:00:00";"51.27";"0";"51.27";"9";"2008";"0";"";"";"406047";"";"";"";"1567";"1614246";""
"JOSÉ MENTOR";"";"74275";"367";"2007";"SP";"PT";"53";"1";"MANUTENÇÃO DE ESCRITÓRIO DE APOIO À ATIVIDADE PARLAMENTAR";"0";"";"EMBRATEL";"335.304.860/0012-9";"000231097";"0";"2008-08-24T00:00:00";"19.43";"0";"19.43";"8";"2008";"0";"";"";"406046";"";"";"";"1567";"1614247";""
"JOSÉ MENTOR";"";"74275";"367";"2007";"SP";"PT";"53";"1";"MANUTENÇÃO DE ESCRITÓRIO DE APOIO À ATIVIDADE PARLAMENTAR";"0";"";"EMBRATEL";"335.304.860/0012-9";"000235139";"0";"2008-07-24T00:00:00";"23.21";"0";"23.21";"7";"2008";"0";"";"";"406045";"";"";"";"1567";"1614248";""
"JOSÉ MENTOR";"";"74275";"367";"2007";"SP";"PT";"53";"1";"MANUTENÇÃO DE ESCRITÓRIO DE APOIO À ATIVIDADE PARLAMENTAR";"0";"";"PREFEITURA DA CIDADE DE SP - DEP. FISCAL";"463.921.300/0011-8";"50443393340";"1";"2008-07-03T00:00:00";"1444.8";"581.7";"863.1";"7";"2008";"0";"";"";"406045";"";"";"";"1567";"1614628";""
"JOSÉ MENTOR";"";"74275";"367";"2007";"SP";"PT";"53";"1";"MANUTENÇÃO DE ESCRITÓRIO DE APOIO À ATIVIDADE PARLAMENTAR";"0";"";"SABESP";"437.765.170/0018-0";"1343008224181";"0";"2008-08-06T00:00:00";"52.81";"2.93";"49.88";"7";"2008";"0";"";"";"406045";"";"";"";"1567";"1614201";""
"JOSÉ MENTOR";"";"74275";"367";"2007";"SP";"PT";"53";"1";"MANUTENÇÃO DE ESCRITÓRIO DE APOIO À ATIVIDADE PARLAMENTAR";"0";"";"SABESP";"437.765.170/0018-0";"1344008224181";"0";"2008-09-05T00:00:00";"49.88";"0";"49.88";"8";"2008";"0";"";"";"406046";"";"";"";"1567";"1614202";""
"JOSÉ MENTOR";"";"74275";"367";"2007";"SP";"PT";"53";"1";"MANUTENÇÃO DE ESCRITÓRIO DE APOIO À ATIVIDADE PARLAMENTAR";"0";"";"SABESP";"437.765.170/0018-0";"1345008224181";"0";"2008-10-17T00:00:00";"52.02";"0";"52.02";"9";"2008";"0";"";"";"406047";"";"";"";"1567";"1614204";""
"JOSÉ MENTOR";"";"74275";"367";"2007";"SP";"PT";"53";"1";"MANUTENÇÃO DE ESCRITÓRIO DE APOIO À ATIVIDADE PARLAMENTAR";"0";"";"SABESP";"437.765.170/0018-0";"1347008224181";"0";"2008-12-18T00:00:00";"53.61";"1.19";"52.42";"11";"2008";"0";"";"";"406050";"";"";"";"1567";"1614203";""
"JOSÉ MENTOR";"";"74275";"367";"2007";"SP";"PT";"53";"1";"MANUTENÇÃO DE ESCRITÓRIO DE APOIO À ATIVIDADE PARLAMENTAR";"0";"";"SECRETARIA DE FINANÇAS DE SÃO PAULO";"463.921.300/0011-8";"0030750";"0";"2008-11-25T00:00:00";"89.21";"0";"89.21";"11";"2008";"0";"";"";"406051";"";"";"";"1567";"1614281";""
"JOSÉ MENTOR";"";"74275";"367";"2007";"SP";"PT";"53";"1";"MANUTENÇÃO DE ESCRITÓRIO DE APOIO À ATIVIDADE PARLAMENTAR";"0";"";"SECRETARIA DE FINANÇAS DE SÃO PAULO";"463.921.300/0011-8";"01862";"1";"2008-09-19T00:00:00";"89.21";"0";"89.21";"9";"2008";"0";"";"";"406047";"";"";"";"1567";"1614276";""
"JOSÉ MENTOR";"";"74275";"367";"2007";"SP";"PT";"53";"1";"MANUTENÇÃO DE ESCRITÓRIO DE APOIO À ATIVIDADE PARLAMENTAR";"0";"";"SECRETARIA DE FINANÇAS DE SÃO PAULO";"463.921.300/0011-8";"30905200923";"1";"2008-08-25T00:00:00";"89.21";"0";"89.21";"8";"2008";"0";"";"";"406046";"";"";"";"1567";"1614273";""
"JOSÉ MENTOR";"";"74275";"367";"2007";"SP";"PT";"53";"1";"MANUTENÇÃO DE ESCRITÓRIO DE APOIO À ATIVIDADE PARLAMENTAR";"0";"";"SECRETARIA DE FINANÇAS DE SÃO PAULO";"463.921.300/0011-8";"S/N";"1";"2008-10-25T00:00:00";"89.21";"0";"89.21";"10";"2008";"0";"";"";"406048";"";"";"";"1567";"1614279";""
"JOSÉ MENTOR";"";"74275";"367";"2007";"SP";"PT";"53";"2";"LOCOMOÇÃO, ALIMENTAÇÃO E  HOSPEDAGEM";"0";"";"CONC SISTEMA ANHANGUERA-BANDEIRANTES SA";"024.518.480/0016-2";"112199";"1";"2008-11-04T00:00:00";"5.9";"0";"5.9";"11";"2008";"0";"";"";"406049";"";"";"";"1567";"1614189";""
"JOSÉ MENTOR";"";"74275";"367";"2007";"SP";"PT";"53";"2";"LOCOMOÇÃO, ALIMENTAÇÃO E  HOSPEDAGEM";"0";"";"CONC SISTEMA ANHANGUERA-BANDEIRANTES SA";"024.518.480/0016-2";"112454";"1";"2008-11-02T00:00:00";"5.9";"0";"5.9";"11";"2008";"0";"";"";"406049";"";"";"";"1567";"1614190";""
"JOSÉ MENTOR";"";"74275";"367";"2007";"SP";"PT";"53";"2";"LOCOMOÇÃO, ALIMENTAÇÃO E  HOSPEDAGEM";"0";"";"CONC SISTEMA ANHANGUERA-BANDEIRANTES SA";"024.518.480/0016-2";"112454";"1";"2008-11-04T00:00:00";"5.9";"0";"5.9";"11";"2008";"0";"";"";"406050";"";"";"";"1567";"1614197";""
"JOSÉ MENTOR";"";"74275";"367";"2007";"SP";"PT";"53";"2";"LOCOMOÇÃO, ALIMENTAÇÃO E  HOSPEDAGEM";"0";"";"CONC SISTEMA ANHANGUERA-BANDEIRANTES SA";"024.518.480/0016-2";"120390";"1";"2008-11-04T00:00:00";"5.2";"0";"5.2";"11";"2008";"0";"";"";"406049";"";"";"";"1567";"1614191";""
"JOSÉ MENTOR";"";"74275";"367";"2007";"SP";"PT";"53";"2";"LOCOMOÇÃO, ALIMENTAÇÃO E  HOSPEDAGEM";"0";"";"CONC SISTEMA ANHANGUERA-BANDEIRANTES SA";"024.518.480/0016-2";"123600";"1";"2008-11-02T00:00:00";"5.2";"0";"5.2";"11";"2008";"0";"";"";"406050";"";"";"";"1567";"1614196";""
"JOSÉ MENTOR";"";"74275";"367";"2007";"SP";"PT";"53";"2";"LOCOMOÇÃO, ALIMENTAÇÃO E  HOSPEDAGEM";"0";"";"CONC SISTEMA ANHANGUERA-BANDEIRANTES SA";"024.518.480/0016-2";"124855";"1";"2008-11-02T00:00:00";"5.9";"0";"5.9";"11";"2008";"0";"";"";"406050";"";"";"";"1567";"1614199";""
"JOSÉ MENTOR";"";"74275";"367";"2007";"SP";"PT";"53";"2";"LOCOMOÇÃO, ALIMENTAÇÃO E  HOSPEDAGEM";"0";"";"CONC SISTEMA ANHANGUERA-BANDEIRANTES SA";"024.518.480/0016-2";"128880";"1";"2008-11-03T00:00:00";"5.9";"0";"5.9";"11";"2008";"0";"";"";"406049";"";"";"";"1567";"1614188";""
"JOSÉ MENTOR";"";"74275";"367";"2007";"SP";"PT";"53";"2";"LOCOMOÇÃO, ALIMENTAÇÃO E  HOSPEDAGEM";"0";"";"CONC SISTEMA ANHANGUERA-BANDEIRANTES SA";"024.518.480/0016-2";"129037";"1";"2008-11-02T00:00:00";"5.9";"0";"5.9";"11";"2008";"0";"";"";"406049";"";"";"";"1567";"1614192";""
"JOSÉ MENTOR";"";"74275";"367";"2007";"SP";"PT";"53";"2";"LOCOMOÇÃO, ALIMENTAÇÃO E  HOSPEDAGEM";"0";"";"CONC SISTEMA ANHANGUERA-BANDEIRANTES SA";"024.518.480/0016-2";"129037";"1";"2008-11-03T00:00:00";"5.9";"0";"5.9";"11";"2008";"0";"";"";"406050";"";"";"";"1567";"1614198";""
"JOSÉ MENTOR";"";"74275";"367";"2007";"SP";"PT";"53";"2";"LOCOMOÇÃO, ALIMENTAÇÃO E  HOSPEDAGEM";"0";"";"CONC SISTEMA ANHANGUERA-BANDEIRANTES SA";"024.518.480/0016-2";"130621";"1";"2008-11-02T00:00:00";"5.9";"0";"5.9";"11";"2008";"0";"";"";"406049";"";"";"";"1567";"1614194";""
"JOSÉ MENTOR";"";"74275";"367";"2007";"SP";"PT";"53";"2";"LOCOMOÇÃO, ALIMENTAÇÃO E  HOSPEDAGEM";"0";"";"CONC SISTEMA ANHANGUERA-BANDEIRANTES SA";"024.518.480/0016-2";"133690";"1";"2008-11-02T00:00:00";"5.2";"0";"5.2";"11";"2008";"0";"";"";"406049";"";"";"";"1567";"1614193";""
"JOSÉ MENTOR";"";"74275";"367";"2007";"SP";"PT";"53";"2";"LOCOMOÇÃO, ALIMENTAÇÃO E  HOSPEDAGEM";"0";"";"CONC SISTEMA ANHANGUERA-BANDEIRANTES SA";"024.518.480/0016-2";"133690";"1";"2008-11-03T00:00:00";"5.2";"0";"5.2";"11";"2008";"0";"";"";"406050";"";"";"";"1567";"1614195";""
"JOSÉ MENTOR";"";"74275";"367";"2007";"SP";"PT";"53";"2";"LOCOMOÇÃO, ALIMENTAÇÃO E  HOSPEDAGEM";"0";"";"SEM PARAR - CENTRO DE GESTÃO DE MEIOS DE PAGAMENTO";"040.882.080/0016-5";"019788186";"0";"2008-10-07T00:00:00";"525.13";"0";"525.13";"10";"2008";"0";"";"";"401544";"";"";"";"1567";"1600032";""
"JOSÉ MENTOR";"";"74275";"367";"2007";"SP";"PT";"53";"2";"LOCOMOÇÃO, ALIMENTAÇÃO E  HOSPEDAGEM";"0";"";"SEM PARAR - CENTRO DE GESTÃO DE MEIOS DE PGTO S/A";"040.882.080/0016-5";"020455744";"0";"2008-11-07T00:00:00";"69.33";"0";"69.33";"11";"2008";"0";"";"";"401543";"";"";"";"1567";"1600056";""
"JOSÉ MENTOR";"";"74275";"367";"2007";"SP";"PT";"53";"2";"LOCOMOÇÃO, ALIMENTAÇÃO E  HOSPEDAGEM";"0";"";"SEM PARAR - CENTRO DE MEIOS DE PAGTO S/A";"040.882.080/0016-5";"021134992";"0";"2008-12-07T00:00:00";"180.79";"0";"180.79";"12";"2008";"0";"";"";"401542";"";"";"";"1567";"1600078";""
"JOSÉ MENTOR";"";"74275";"367";"2007";"SP";"PT";"53";"3";"COMBUSTÍVEIS E LUBRIFICANTES.";"1";"Veículos Automotores";"AUTO POSTO BOSQUE DA SAUDE LTDA";"456.422.040/0016-4";"020299";"0";"2008-11-11T00:00:00";"50.02";"0";"50.02";"11";"2008";"0";"";"";"406049";"";"";"";"1567";"1613924";""
"JOSÉ MENTOR";"";"74275";"367";"2007";"SP";"PT";"53";"3";"COMBUSTÍVEIS E LUBRIFICANTES.";"1";"Veículos Automotores";"AUTO POSTO BOSQUE DA SAÚDE LTDA";"456.422.040/0016-4";"021171";"0";"2008-12-02T00:00:00";"50.02";"0";"50.02";"12";"2008";"0";"";"";"406053";"";"";"";"1567";"1613929";""
"JOSÉ MENTOR";"";"74275";"367";"2007";"SP";"PT";"53";"3";"COMBUSTÍVEIS E LUBRIFICANTES.";"1";"Veículos Automotores";"AUTO POSTO BOSQUE DA SAUDE LTDA";"456.422.040/0016-4";"021494";"0";"2008-12-10T00:00:00";"50";"0";"50";"12";"2008";"0";"";"";"406053";"";"";"";"1567";"1613930";""
"JOSÉ MENTOR";"";"74275";"367";"2007";"SP";"PT";"53";"3";"COMBUSTÍVEIS E LUBRIFICANTES.";"1";"Veículos Automotores";"AUTO POSTO BOSQUE DA SAUDE LTDA";"456.422.040/0016-4";"021569";"0";"2008-12-12T00:00:00";"50.02";"0";"50.02";"12";"2008";"0";"";"";"406053";"";"";"";"1567";"1613931";""
"JOSÉ MENTOR";"";"74275";"367";"2007";"SP";"PT";"53";"3";"COMBUSTÍVEIS E LUBRIFICANTES.";"1";"Veículos Automotores";"CATEQUESE AUTO POSTO LTDA";"013.844.540/0017-6";"078723";"0";"2008-12-28T00:00:00";"134.83";"0";"134.83";"12";"2008";"0";"";"";"406053";"";"";"";"1567";"1613933";""
"JOSÉ MENTOR";"";"74275";"367";"2007";"SP";"PT";"53";"3";"COMBUSTÍVEIS E LUBRIFICANTES.";"1";"Veículos Automotores";"G &G AUTO POSTO LTDA";"007.187.780/0013-0";"122742";"0";"2008-11-28T00:00:00";"91.03";"0";"91.03";"11";"2008";"0";"";"";"406049";"";"";"";"1567";"1613926";""
"JOSÉ MENTOR";"";"74275";"367";"2007";"SP";"PT";"53";"3";"COMBUSTÍVEIS E LUBRIFICANTES.";"1";"Veículos Automotores";"ORGANZAÇÃO COML LAGO AZUL LTDA";"729.118.370/0079-9";"234807";"0";"2008-11-02T00:00:00";"50";"0";"50";"11";"2008";"0";"";"";"406049";"";"";"";"1567";"1613923";""
"JOSÉ MENTOR";"";"74275";"367";"2007";"SP";"PT";"53";"4";"CONSULTORIAS, PESQUISAS E TRABALHOS TÉCNICOS.";"0";"";"LIST WEB SANTOS & RODRIGUES LTDA - ME";"033.880.110/0018-9";"1619";"0";"2008-08-01T00:00:00";"279";"0";"279";"8";"2008";"0";"";"";"409150";"";"";"";"1567";"1622341";""
"JOSÉ MENTOR";"";"74275";"367";"2007";"SP";"PT";"53";"4";"CONSULTORIAS, PESQUISAS E TRABALHOS TÉCNICOS.";"0";"";"LIST WEB SANTOS & RODRIGUES LTDA - ME";"033.880.110/0018-9";"1671";"0";"2008-09-01T00:00:00";"279";"0";"279";"9";"2008";"0";"";"";"409153";"";"";"";"1567";"1622350";""
"JOSÉ MENTOR";"";"74275";"367";"2007";"SP";"PT";"53";"4";"CONSULTORIAS, PESQUISAS E TRABALHOS TÉCNICOS.";"0";"";"LIST WEB SANTOS & RODRIGUES LTDA - ME";"033.880.110/0018-9";"1724";"0";"2008-10-01T00:00:00";"279";"0";"279";"10";"2008";"0";"";"";"409158";"";"";"";"1567";"1622337";""
"JOSÉ MENTOR";"";"74275";"367";"2007";"SP";"PT";"53";"4";"CONSULTORIAS, PESQUISAS E TRABALHOS TÉCNICOS.";"0";"";"RP BRASIL RELAÇÕES PÚBLICAS";"056.944.510/0019-0";"001025";"0";"2009-06-22T00:00:00";"40000";"2388.96";"37611";"6";"2008";"0";"";"";"420868";"";"";"";"1567";"1664908";""
"JOSÉ MENTOR";"";"74275";"367";"2007";"SP";"PT";"53";"6";"AQUISIÇÃO DE MATERIAL DE ESCRITÓRIO.";"0";"";"RSVIP PAPÉIS ESPECIAIS LTDA. - EPP";"056.678.360/0016-8";"3800";"0";"2008-11-25T00:00:00";"999.8";"0";"999.8";"11";"2008";"0";"";"";"406050";"";"";"";"1567";"1614244";""
"JOSÉ MENTOR";"";"74275";"367";"2007";"SP";"PT";"53";"7";"AQUISIÇÃO OU LOC. DE SOFTWARE; SERV. POSTAIS; ASS.";"0";"";"ECT - EMP. BRAS. CORREIOS E TELEGRAFOS";"594.747.260/0010-9";"308544";"1";"2008-12-03T00:00:00";"44.8";"0";"44.8";"12";"2008";"0";"";"";"406053";"";"";"";"1567";"1613936";""
"JOSÉ MENTOR";"";"74275";"367";"2007";"SP";"PT";"53";"7";"AQUISIÇÃO OU LOC. DE SOFTWARE; SERV. POSTAIS; ASS.";"0";"";"ECT - EMP. BRAS. CORREIOS E TELEGRAFOS";"594.747.260/0010-9";"309614";"1";"2008-12-11T00:00:00";"73";"0";"73";"12";"2008";"0";"";"";"406053";"";"";"";"1567";"1613938";""
"JOSÉ MENTOR";"";"74275";"367";"2007";"SP";"PT";"53";"7";"AQUISIÇÃO OU LOC. DE SOFTWARE; SERV. POSTAIS; ASS.";"0";"";"ECT EMP. BRAS. CORREIOS E TELEGRAFOS";"594.747.260/0010-9";"0006";"1";"2008-12-10T00:00:00";"23.8";"0";"23.8";"12";"2008";"0";"";"";"406053";"";"";"";"1567";"1613935";""
"JOSÉ MENTOR";"";"74275";"367";"2007";"SP";"PT";"53";"7";"AQUISIÇÃO OU LOC. DE SOFTWARE; SERV. POSTAIS; ASS.";"0";"";"NET";"656.971.610/0012-1";"00000165128";"0";"2008-08-07T00:00:00";"156.51";"0";"156.51";"8";"2008";"0";"";"";"406046";"";"";"";"1567";"1614219";""
"JOSÉ MENTOR";"";"74275";"367";"2007";"SP";"PT";"53";"7";"AQUISIÇÃO OU LOC. DE SOFTWARE; SERV. POSTAIS; ASS.";"0";"";"NET";"656.971.610/0012-1";"00000173952";"0";"2008-12-08T00:00:00";"7.4";"0";"7.4";"12";"2008";"0";"";"";"406053";"";"";"";"1567";"1614223";""
"JOSÉ MENTOR";"";"74275";"367";"2007";"SP";"PT";"53";"7";"AQUISIÇÃO OU LOC. DE SOFTWARE; SERV. POSTAIS; ASS.";"0";"";"NET";"656.971.610/0012-1";"0000029405";"0";"2008-09-03T00:00:00";"228.21";"0";"228.21";"9";"2008";"0";"";"";"406047";"";"";"";"1567";"1614208";""
"JOSÉ MENTOR";"";"74275";"367";"2007";"SP";"PT";"53";"7";"AQUISIÇÃO OU LOC. DE SOFTWARE; SERV. POSTAIS; ASS.";"0";"";"NET";"656.971.610/0012-1";"0000044108";"0";"2008-11-04T00:00:00";"264.54";"4.79";"259.75";"11";"2008";"0";"";"";"406050";"";"";"";"1567";"1614211";""
"JOSÉ MENTOR";"";"74275";"367";"2007";"SP";"PT";"53";"7";"AQUISIÇÃO OU LOC. DE SOFTWARE; SERV. POSTAIS; ASS.";"0";"";"NET";"656.971.610/0012-1";"0000059753";"0";"2008-10-04T00:00:00";"228.21";"0";"228.21";"10";"2008";"0";"";"";"406048";"";"";"";"1567";"1614209";""
"JOSÉ MENTOR";"";"74275";"367";"2007";"SP";"PT";"53";"7";"AQUISIÇÃO OU LOC. DE SOFTWARE; SERV. POSTAIS; ASS.";"0";"";"NET";"656.971.610/0012-1";"0000159918";"0";"2008-09-08T00:00:00";"165.53";"3.7";"161.83";"9";"2008";"0";"";"";"406047";"";"";"";"1567";"1614220";""
"JOSÉ MENTOR";"";"74275";"367";"2007";"SP";"PT";"53";"7";"AQUISIÇÃO OU LOC. DE SOFTWARE; SERV. POSTAIS; ASS.";"0";"";"NET";"656.971.610/0012-1";"0000167986";"0";"2008-11-07T00:00:00";"154.43";"0";"154.43";"11";"2008";"0";"";"";"406050";"";"";"";"1567";"1614222";""
"JOSÉ MENTOR";"";"74275";"367";"2007";"SP";"PT";"53";"7";"AQUISIÇÃO OU LOC. DE SOFTWARE; SERV. POSTAIS; ASS.";"0";"";"NET";"656.971.610/0012-1";"0000221899";"0";"2008-06-06T00:00:00";"161.83";"0";"161.83";"6";"2008";"0";"";"";"406044";"";"";"";"1567";"1614214";""
"JOSÉ MENTOR";"";"74275";"367";"2007";"SP";"PT";"53";"10";"TELEFONIA";"0";"";"ELETROPAULO";"616.952.270/0019-3";"004252720";"0";"2008-12-09T00:00:00";"167.82";"8.62";"159.2";"12";"2008";"0";"";"";"406053";"";"";"";"1567";"1614234";""
"JOSÉ MENTOR";"";"74275";"367";"2007";"SP";"PT";"53";"10";"TELEFONIA";"0";"";"EMBRATEL";"335.304.860/0012-9";"000187213";"0";"2008-11-24T00:00:00";"30.82";"1.17";"29.65";"11";"2008";"0";"";"";"406051";"";"";"";"1567";"1614245";""
"MARCELO ORTIZ";"";"74278";"612";"2007";"SP";"PODE";"53";"2";"LOCOMOÇÃO, ALIMENTAÇÃO E  HOSPEDAGEM";"0";"";"HIBISCO";"038.417.380/0033-1";"21168";"0";"2008-11-25T00:00:00";"11.9";"0";"11.9";"11";"2008";"0";"";"";"395399";"";"";"";"1602";"1583861";""
"MARCELO ORTIZ";"";"74278";"612";"2007";"SP";"PODE";"53";"2";"LOCOMOÇÃO, ALIMENTAÇÃO E  HOSPEDAGEM";"0";"";"ODETHE ABRANTES MONTEIRO ME";"032.781.980/0016-8";"6922";"0";"2008-12-21T00:00:00";"88";"0";"88";"12";"2008";"0";"";"";"421227";"";"";"";"1602";"1666177";""
"Vicentinho";"";"74283";"526";"2007";"SP";"PT";"53";"2";"LOCOMOÇÃO, ALIMENTAÇÃO E  HOSPEDAGEM";"0";"";"COMETA";"610.840.180/0010-3";"945354";"0";"2008-12-18T00:00:00";"44.35";"0";"44.35";"12";"2008";"0";"";"";"403252";"";"";"";"1699";"1606267";""
"Vicentinho";"";"74283";"526";"2007";"SP";"PT";"53";"2";"LOCOMOÇÃO, ALIMENTAÇÃO E  HOSPEDAGEM";"0";"";"EMPRESA CRUZ DE TRANSPORTES";"439.639.330/0019-7";"712614";"0";"2008-12-12T00:00:00";"44.35";"0";"44.35";"12";"2008";"0";"";"";"403252";"";"";"";"1699";"1606273";""
"CARLOS SANTANA";"";"74835";"290";"2007";"RJ";"PT";"53";"3";"COMBUSTÍVEIS E LUBRIFICANTES.";"1";"Veículos Automotores";"POSTO DA TORRE LTDA";"044.731.930/0015-9";"502684";"0";"2008-11-17T00:00:00";"119.19";"0";"119.19";"11";"2008";"0";"";"";"392912";"";"";"";"728";"1576583";""
"CARLOS SANTANA";"";"74835";"290";"2007";"RJ";"PT";"53";"3";"COMBUSTÍVEIS E LUBRIFICANTES.";"1";"Veículos Automotores";"POSTO DA TORRE LTDA";"044.731.930/0015-9";"503007";"0";"2008-11-25T00:00:00";"118.16";"0";"118.16";"11";"2008";"0";"";"";"392912";"";"";"";"728";"1576561";""
"CARLOS SANTANA";"";"74835";"290";"2007";"RJ";"PT";"53";"3";"COMBUSTÍVEIS E LUBRIFICANTES.";"1";"Veículos Automotores";"POSTO DA TORRE LTDA";"044.731.930/0015-9";"504662";"0";"2008-12-12T00:00:00";"125.1";"0";"125.1";"12";"2008";"0";"";"";"392913";"";"";"";"728";"1576570";""
"Aelton Freitas";"";"141372";"566";"2007";"MG";"PP";"53";"1";"MANUTENÇÃO DE ESCRITÓRIO DE APOIO À ATIVIDADE PARLAMENTAR";"0";"";"CONTATO IMOVEIS LTDA";"075.771.830/0015-1";"1212";"1";"2008-12-29T00:00:00";"902";"193.79";"708.21";"12";"2008";"0";"";"";"400635";"";"";"";"1773";"1597820";""
"ANA ARRAES";"";"141377";"140";"2007";"PE";"PSB";"53";"3";"COMBUSTÍVEIS E LUBRIFICANTES.";"1";"Veículos Automotores";"CONVER COMBUSTÍVEIS AUTOMOTIVOS LTDA";"000.385.050/0057-9";"128299";"0";"2008-11-10T00:00:00";"110.61";"0";"110.61";"11";"2008";"0";"";"";"391482";"";"";"";"1960";"1571937";""
"ANA ARRAES";"";"141377";"140";"2007";"PE";"PSB";"53";"3";"COMBUSTÍVEIS E LUBRIFICANTES.";"1";"Veículos Automotores";"POSTO MONUMENTAL";"054.543.900/0019-3";"114910";"0";"2008-10-24T00:00:00";"89.07";"0";"89.07";"10";"2008";"0";"";"";"391480";"";"";"";"1960";"1571931";""
"BARBOSA NETO";"";"141449";"455";"2007";"PR";"PDT";"53";"1";"MANUTENÇÃO DE ESCRITÓRIO DE APOIO À ATIVIDADE PARLAMENTAR";"0";"";"COPEL";"043.688.980/0010-6";"1985090";"0";"2008-12-23T00:00:00";"59.8";"0";"59.8";"12";"2008";"0";"";"";"388105";"";"";"";"1787";"1561988";""
"BARBOSA NETO";"";"141449";"455";"2007";"PR";"PDT";"53";"1";"MANUTENÇÃO DE ESCRITÓRIO DE APOIO À ATIVIDADE PARLAMENTAR";"0";"";"SERCOMTEL";"013.714.160/0018-9";"33026";"0";"2008-12-03T00:00:00";"660.14";"61.9";"598.24";"12";"2008";"0";"";"";"388105";"";"";"";"1787";"1562008";""
"BARBOSA NETO";"";"141449";"455";"2007";"PR";"PDT";"53";"6";"AQUISIÇÃO DE MATERIAL DE ESCRITÓRIO.";"0";"";"COMPUTEC  LONDRINA";"848.583.070/0020-7";"133341";"0";"2008-12-15T00:00:00";"146.5";"132.25";"14.25";"12";"2008";"0";"";"";"388105";"";"";"";"1787";"1562015";""
"João Maia";"";"141459";"124";"2007";"RN";"PP";"53";"1";"MANUTENÇÃO DE ESCRITÓRIO DE APOIO À ATIVIDADE PARLAMENTAR";"0";"";"CONSTRUTORA NORTE BRASIL LTDA";"088.268.690/0010-0";"S/N";"1";"2009-03-13T00:00:00";"165.23";"0";"165.23";"12";"2008";"0";"";"";"407425";"";"";"";"1857";"1619098";""
"João Maia";"";"141459";"124";"2007";"RN";"PP";"53";"1";"MANUTENÇÃO DE ESCRITÓRIO DE APOIO À ATIVIDADE PARLAMENTAR";"0";"";"CONSTRUTORA NORTE BRASIL LTDA";"088.268.690/0010-0";"S/Nº";"1";"2009-03-13T00:00:00";"121.38";"0";"121.38";"11";"2008";"0";"";"";"407423";"";"";"";"1857";"1619097";""
"JOSÉ FERNANDO APARECIDO DE OLI";"";"141466";"271";"2007";"MG";"PV";"53";"1";"MANUTENÇÃO DE ESCRITÓRIO DE APOIO À ATIVIDADE PARLAMENTAR";"0";"";"CEMIG DISTRIBUIÇÃO S.A.";"069.811.800/0011-6";"000845532";"0";"2008-12-04T00:00:00";"108.3";"0";"108.3";"12";"2008";"0";"";"";"398369";"";"";"";"1959";"1592079";""
"JOSÉ FERNANDO APARECIDO DE OLI";"";"141466";"271";"2007";"MG";"PV";"53";"2";"LOCOMOÇÃO, ALIMENTAÇÃO E  HOSPEDAGEM";"0";"";"BRAVA'S VEICULOS LTDA";"026.468.720/0015-7";"1052";"0";"2008-12-01T00:00:00";"8250";"0";"8250";"12";"2008";"0";"";"";"388137";"";"";"";"1959";"1562086";""
"LEANDRO SAMPAIO";"";"141481";"308";"2007";"RJ";"PPS";"53";"1";"MANUTENÇÃO DE ESCRITÓRIO DE APOIO À ATIVIDADE PARLAMENTAR";"0";"";"CONDOMÍNIO ALBERTO PEREIRA DIAS";"365.206.170/0018-5";"S/N";"1";"2008-03-10T00:00:00";"431.19";"0";"431.19";"3";"2008";"0";"";"";"416219";"";"";"";"1870";"1649192";""
"LEANDRO SAMPAIO";"";"141481";"308";"2007";"RJ";"PPS";"53";"1";"MANUTENÇÃO DE ESCRITÓRIO DE APOIO À ATIVIDADE PARLAMENTAR";"0";"";"VIRGÍLIO CARLOS P.C. DIAS";"309.093.337/34  -";"038";"1";"2009-01-05T00:00:00";"1094.8";"0";"1094.8";"12";"2008";"0";"";"";"446904";"";"";"";"1870";"1752725";""
"LEANDRO SAMPAIO";"";"141481";"308";"2007";"RJ";"PPS";"53";"2";"LOCOMOÇÃO, ALIMENTAÇÃO E  HOSPEDAGEM";"0";"";"RÁDIO TAXI ALVORADA";"379.902.980/0013-4";"297";"1";"2008-12-18T00:00:00";"20";"0";"20";"12";"2008";"0";"";"";"415864";"";"";"";"1870";"1647848";""
"LEANDRO SAMPAIO";"";"141481";"308";"2007";"RJ";"PPS";"53";"2";"LOCOMOÇÃO, ALIMENTAÇÃO E  HOSPEDAGEM";"0";"";"SINDICATO DOS MOTORISTAS DE TÁXI E TRASNP. AUTÔNOM";"311.695.760/0010-0";"012603";"1";"2008-04-26T00:00:00";"30";"0";"30";"4";"2008";"0";"";"";"415866";"";"";"";"1870";"1647868";""
"LEANDRO SAMPAIO";"";"141481";"308";"2007";"RJ";"PPS";"53";"2";"LOCOMOÇÃO, ALIMENTAÇÃO E  HOSPEDAGEM";"0";"";"TRANSCOOTOUR";"360.957.920/0017-2";"28817";"1";"2008-05-21T00:00:00";"70";"0";"70";"5";"2008";"0";"";"";"415865";"";"";"";"1870";"1647862";""
"MÁRCIO FRANÇA";"";"141497";"368";"2007";"SP";"PSB";"53";"2";"LOCOMOÇÃO, ALIMENTAÇÃO E  HOSPEDAGEM";"0";"";"DAN COMÉRCIO DE ALIMENTOS LTDA";"039.576.870/0022-7";"068180";"0";"2008-12-12T00:00:00";"24.88";"0";"24.88";"12";"2008";"0";"";"";"387453";"";"";"";"1886";"1560172";""
"MÁRCIO FRANÇA";"";"141497";"368";"2007";"SP";"PSB";"53";"3";"COMBUSTÍVEIS E LUBRIFICANTES.";"1";"Veículos Automotores";"BRASAL COMBUSTÍVEIS";"000.976.260/0032-0";"264694";"0";"2008-12-11T00:00:00";"150";"0";"150";"12";"2008";"0";"";"";"387452";"";"";"";"1886";"1560167";""
"DR. UBIALI";"";"141498";"541";"2007";"SP";"PSB";"53";"5";"DIVULGAÇÃO DA ATIVIDADE PARLAMENTAR.";"0";"";"FOLHA DA ALTA MOGIANA";"020.004.690/0015-6";"4092";"0";"2008-12-05T00:00:00";"900";"94.79";"805.21";"12";"2008";"0";"";"";"404152";"";"";"";"1815";"1608929";""
"RÔMULO GOUVEIA";"";"141536";"134";"2007";"PB";"PSD";"53";"6";"AQUISIÇÃO DE MATERIAL DE ESCRITÓRIO.";"0";"";"PIONEIRA DA BORRACHA LTDA";"000.212.790/0019-0";"019329";"0";"2008-06-26T00:00:00";"7.8";"0";"7.8";"6";"2008";"0";"";"";"389862";"";"";"";"1932";"1567282";""
"MAJOR FÁBIO";"";"149327";"599";"2007";"PB";"PROS";"53";"7";"AQUISIÇÃO OU LOC. DE SOFTWARE; SERV. POSTAIS; ASS.";"0";"";"ECT - EMPRESA BRAS. DE CORREIOS E TELÉGRAFOS";"340.283.162/7482-3";"00033";"1";"2008-12-23T00:00:00";"51.1";"0";"51.1";"12";"2008";"0";"";"";"427520";"";"";"";"1986";"1687411";""
"JOSÉ EDMAR";"";"151249";"563";"2007";"DF";"PR";"53";"3";"COMBUSTÍVEIS E LUBRIFICANTES.";"1";"Veículos Automotores";"ADVANCE AUTO POSTO";"036.731.510/0010-7";"10415";"0";"2008-10-05T00:00:00";"120";"97.6";"22.4";"10";"2008";"0";"";"";"393318";"";"";"";"1993";"1578001";""
