"uri";"nome";"idLegislaturaInicial";"idLegislaturaFinal";"nomeCivil";"cpf";"siglaSexo";"urlRedeSocial";"urlWebsite";"dataNascimento";"dataFalecimento";"ufNascimento";"municipioNascimento"
"https://dadosabertos.camara.leg.br/api/v2/deputados/220593";"Abilio Brunini";"57";"57";"ABILIO JACQUES BRUNINI MOUMER";"";"M";"";"";"1984-01-31";"";"MT";"Cuiabá"
"https://dadosabertos.camara.leg.br/api/v2/deputados/204379";"Acácio Favacho";"56";"57";"ACÁCIO DA SILVA FAVACHO NETO";"";"M";"https://twitter.com/acaciofavacho, https://www.facebook.com/deputadofederalacaciofavacho, https://youtube.com/channel/UCWNbptIjAriL2pt8H3W6CGw";"";"1983-09-28";"";"AP";"Macapá"
"https://dadosabertos.camara.leg.br/api/v2/deputados/220714";"Adail Filho";"57";"57";"ADAIL JOSÉ FIGUEIREDO PINHEIRO";"";"M";"https://www.instagram.com/adailfilho/, https://www.youtube.com/@AdailFilho, https://www.facebook.com/AdailFilhoAM, https://twitter.com/adailfilhoam?s=21&t=O_eoTX0q1QfS6vmySI7biQ";"";"1992-02-16";"";"AM";"Manaus"
"https://dadosabertos.camara.leg.br/api/v2/deputados/221328";"Adilson Barroso";"57";"57";"ADILSON BARROSO OLIVEIRA";"";"M";"";"";"1964-06-14";"";"MG";"Minas Novas"
"https://dadosabertos.camara.leg.br/api/v2/deputados/204560";"Adolfo Viana";"56";"57";"ADOLFO VIANA DE CASTRO NETO";"";"M";"";"";"1981-02-02";"";"BA";"Salvador"
"https://dadosabertos.camara.leg.br/api/v2/deputados/204528";"Adriana Ventura";"56";"57";"ADRIANA MIGUEL VENTURA";"";"F";"https://twitter.com/adriventurasp, https://www.facebook.com/adriventurasp, https://www.instagram.com/adriventurasp, https://youtube.com/adrianaventura";"";"1969-03-06";"";"SP";"São Paulo"
"https://dadosabertos.camara.leg.br/api/v2/deputados/121948";"Adriano do Baldy";"56";"57";"ADRIANO ANTÔNIO AVELAR";"";"M";"https://www.instagram.com/adrianodobaldyoficial, https://twitter.com/adrianodobaldy, https://www.facebook.com/AdrianoDoBaldyOficial";"";"1969-09-06";"";"GO";"Goiás"
"https://dadosabertos.camara.leg.br/api/v2/deputados/74646";"Aécio Neves";"48";"57";"AÉCIO NEVES DA CUNHA";"";"M";"";"";"1960-03-10";"";"MG";"Belo Horizonte"
"https://dadosabertos.camara.leg.br/api/v2/deputados/160508";"Afonso Florence";"54";"57";"AFONSO BANDEIRA FLORENCE";"";"M";"";"";"1960-10-15";"";"BA";"Salvador"
"https://dadosabertos.camara.leg.br/api/v2/deputados/136811";"Afonso Hamm";"52";"57";"JOSÉ ALFONSO EBERT HAMM";"";"M";"https://www.facebook.com/depafonsohamm, https://www.instagram.com/afonsohamm";"";"1962-04-25";"";"RS";"Hulha Negra"
"https://dadosabertos.camara.leg.br/api/v2/deputados/178835";"Afonso Motta";"54";"57";"AFONSO ANTUNES DA MOTTA";"";"M";"";"";"1950-01-08";"";"RS";"Porto Alegre"
"https://dadosabertos.camara.leg.br/api/v2/deputados/160527";"Aguinaldo Ribeiro";"54";"57";"AGUINALDO VELLOSO BORGES RIBEIRO";"";"M";"https://www.instagram.com/depaguinaldoribeiro, https://www.facebook.com/depaguinaldoribeiro, https://twitter.com/depaguinaldo11";"";"1969-02-13";"";"PB";"Campina Grande"
"https://dadosabertos.camara.leg.br/api/v2/deputados/204495";"Airton Faleiro";"56";"57";"AIRTON LUIZ FALEIRO";"";"M";"";"";"1959-03-16";"";"RS";"Tenente Portela"
"https://dadosabertos.camara.leg.br/api/v2/deputados/204549";"AJ Albuquerque";"56";"57";"ANTONIO JOSE AGUIAR ALBUQUERQUE";"";"M";"";"";"1983-09-26";"";"CE";"Fortaleza"
"https://dadosabertos.camara.leg.br/api/v2/deputados/73579";"Alberto Fraga";"51";"57";"JOÃO ALBERTO FRAGA SILVA";"";"M";"https://www.facebook.com/deputadoalbertofraga";"";"1956-06-02";"";"SE";"Estância"
"https://dadosabertos.camara.leg.br/api/v2/deputados/74696";"Alberto Mourão";"51";"57";"ALBERTO PEREIRA MOURÃO";"";"M";"https://www.facebook.com/mouraopg, https://twitter.com/albertomourao, https://www.instagram.com/albertopmourao";"";"1954-04-26";"";"SP";"São Paulo"
"https://dadosabertos.camara.leg.br/api/v2/deputados/220538";"Albuquerque";"57";"57";"JOSÉ FRANCISCO LOPES DE ALBUQUERQUE";"";"M";"";"";"1974-01-25";"";"CE";"Moraújo"
"https://dadosabertos.camara.leg.br/api/v2/deputados/160559";"Alceu Moreira";"54";"57";"ALCEU MOREIRA DA SILVA";"";"M";"http://twitter.com/alceu_moreira";"";"1954-06-04";"";"RS";"Osório"
"https://dadosabertos.camara.leg.br/api/v2/deputados/204501";"Alencar Santana";"56";"57";"ALENCAR SANTANA BRAGA";"";"M";"";"";"1976-03-14";"";"SP";"Guarulhos"
"https://dadosabertos.camara.leg.br/api/v2/deputados/178972";"Alex Manente";"55";"57";"ALEX SPINELLI MANENTE";"";"M";"https://twitter.com/AlexManente23, https://www.instagram.com/alexmanente/, https://www.facebook.com/alexmanente, https://youtube.com/c/AlexManenteOficial";"";"1979-08-22";"";"SP";"São Bernardo do Campo"
"https://dadosabertos.camara.leg.br/api/v2/deputados/204571";"Alex Santana";"56";"57";"ALEX MARCO SANTANA SOUSA";"";"M";"";"";"1972-06-22";"";"BA";"Salvador"
"https://dadosabertos.camara.leg.br/api/v2/deputados/220542";"Alexandre Guimarães";"57";"57";"JOSÉ ALEXANDRE DOMINGUES GUIMARÃES";"";"M";"";"";"1986-02-19";"";"TO";"Araguaína"
"https://dadosabertos.camara.leg.br/api/v2/deputados/160545";"Alexandre Leite";"54";"57";"ALEXANDRE LEITE DA SILVA";"";"M";"https://www.facebook.com/AlexandreLeote.SP, https://www.instagram.com/alexandreleite.sp, https://twitter.com/lexandreleite, https://youtube.com/depfedalexandreleite";"";"1989-04-18";"";"SP";"São Paulo"
"https://dadosabertos.camara.leg.br/api/v2/deputados/220554";"Alexandre Lindenmeyer";"57";"57";"ALEXANDRE DUARTE LINDENMEYER";"";"M";"";"";"1963-12-23";"";"RS";"Rio Grande"
"https://dadosabertos.camara.leg.br/api/v2/deputados/204503";"Alexandre Padilha";"56";"57";"ALEXANDRE ROCHA SANTOS PADILHA";"";"M";"https://twitter.com/padilhando, https://www.facebook.com/padilhando, https://www.instagram.com/padilhando, https://youtube.com/AlexandrePadilhaTV";"";"1971-09-14";"";"SP";"São Paulo"
"https://dadosabertos.camara.leg.br/api/v2/deputados/221148";"Alfredinho";"56";"57";"ALFREDO ALVES CAVALCANTE";"";"M";"https://www.instagram.com/Alfredinho.pt, https://twitter.com/ptalfredinho, https://www.facebook.com/Alfredinho";"";"1959-06-24";"";"PI";"Oeiras"
"https://dadosabertos.camara.leg.br/api/v2/deputados/220576";"Alfredo Gaspar";"57";"57";"ALFREDO GASPAR DE MENDONÇA NETO";"";"M";"https://www.instagram.com/alfredogaspar, https://www.facebook.com/alfredogasparoficial, https://twitter.com/Alfredogaspar_, https://youtube.com/AlfredoGasparOficial";"";"1970-08-13";"";"AL";"Maceió"
"https://dadosabertos.camara.leg.br/api/v2/deputados/74057";"Alice Portugal";"52";"57";"ALICE MAZZUCO PORTUGAL";"";"F";"";"";"1959-05-16";"";"BA";"Salvador"
"https://dadosabertos.camara.leg.br/api/v2/deputados/178927";"Aliel Machado";"55";"57";"ALIEL MACHADO BARK";"";"M";"";"";"1989-02-26";"";"PR";"Ponta Grossa"
"https://dadosabertos.camara.leg.br/api/v2/deputados/204353";"Aline Gurgel";"56";"57";"ALINE PARANHOS VARONIL GURGEL";"";"F";"https://www.facebook.com/dep.alinegurgel, https://www.instagram.com/dep_alinegurgel, https://twitter.com/https:, https://youtube.com/channel/UC7v2Ng9B1UAxhEypPw5cEag";"";"1980-11-25";"";"AP";"Macapá"
"https://dadosabertos.camara.leg.br/api/v2/deputados/226708";"Allan Garcês";"57";"57";"ALLAN QUADROS GARCÊS";"";"M";"https://twitter.com/AllanGarcs1, https://www.facebook.com/allangarcesoficial, https://www.facebook.com/AllanGarcês, https://www.instagram.com/allan.garces, https://youtube.com/channel/UCarcImE3nnhmisi8RRbdm-w";"";"1969-08-30";"";"PA";"Belém"
"https://dadosabertos.camara.leg.br/api/v2/deputados/178937";"Altineu Côrtes";"55";"57";"ALTINEU CÔRTES FREITAS COUTINHO";"";"M";"https://www.instagram.com/altineucortesrj, https://www.facebook.com/altineucortesrj, https://twitter.com/altineu";"";"1968-09-13";"";"RJ";"Niterói"
"https://dadosabertos.camara.leg.br/api/v2/deputados/178881";"Aluisio Mendes";"55";"57";"ALUISIO GUIMARAES MENDES FILHO";"";"M";"https://twitter.com/aluisiomendesma, https://www.facebook.com/aluisiomendesma, https://www.instagram.com/aluisiomendesma, https://youtube.com/aluisiomendesma";"";"1961-11-11";"";"MG";"Belo Horizonte"
"https://dadosabertos.camara.leg.br/api/v2/deputados/220596";"Amália Barros";"57";"57";"AMÁLIA SCUDELER DE BARROS SANTOS";"";"F";"https://www.facebook.com/amaliasbarros, https://www.instagram.com/amaliabarros, https://twitter.com/amaliabarros, https://youtube.com/amaliabarros";"";"1985-03-22";"2024-05-12";"SP";"Moji-Mirim"
"https://dadosabertos.camara.leg.br/api/v2/deputados/220707";"Amanda Gentil";"57";"57";"AMANDA KELLY GENTIL GUIMARÃES ROSA";"";"F";"https://twitter.com/amandagentiI, https://www.instagram.com/amandagentill";"";"1998-12-25";"";"MA";"Caxias"
"https://dadosabertos.camara.leg.br/api/v2/deputados/204356";"Amaro Neto";"56";"57";"AMARO ROCHA NASCIMENTO NETO";"";"M";"https://twitter.com/amaronetotv, https://www.facebook.com/amaronetotv, https://www.instagram.com/amaronetotv";"https://www.amaroneto.com.br/";"1976-12-04";"";"ES";"Vitória"
"https://dadosabertos.camara.leg.br/api/v2/deputados/220715";"Amom Mandel";"57";"57";"AMOM MANDEL LINS FILHO";"";"M";"https://twitter.com/eusouamom, https://www.instagram.com/eusouamom, https://www.facebook.com/eusouamom, https://youtube.com/channel/UCwPEeCb9CuIqhqpUoGvGpvA";"";"2001-01-02";"";"PE";"Recife"
"https://dadosabertos.camara.leg.br/api/v2/deputados/107970";"Ana Paula Leão";"57";"57";"ANA PAULA PROCOPIO JUNQUEIRA";"";"F";"https://www.facebook.com/AnaPaulaJunqueiraLeao, https://www.instagram.com/anapaulajunqueiraleao, https://twitter.com/apjunqueira, https://youtube.com/channel/UC-DlAUSQo11ZjK_yhbXoTgQ";"";"1965-08-22";"";"MG";"Varginha"
"https://dadosabertos.camara.leg.br/api/v2/deputados/220556";"Ana Paula Lima";"57";"57";"ANA PAULA DE SOUZA LIMA";"";"F";"https://www.instagram.com/anapaulalimapt, https://www.facebook.com/anapaulalima.pt13, https://twitter.com/anapaulalimapt, https://youtube.com/channel/UC271rCNzTprXed1zDwykMaw";"";"1964-04-19";"";"PR";"Curitiba"
"https://dadosabertos.camara.leg.br/api/v2/deputados/220632";"Ana Pimentel";"57";"57";"ANA CRISTINA DE LIMA PIMENTEL";"";"F";"";"";"1982-05-15";"";"MG";"Congonhas"
"https://dadosabertos.camara.leg.br/api/v2/deputados/178831";"André Abdon";"55";"57";"ANDRE DOS SANTOS ABDON";"";"M";"https://www.instagram.com/andreabdon_";"";"1970-11-10";"";"PA";"Belém"
"https://dadosabertos.camara.leg.br/api/v2/deputados/220657";"André Fernandes";"57";"57";"ANDRÉ FERNANDES DE MOURA";"";"M";"https://www.instagram.com/andrefernandes, https://www.facebook.com/andrefernm, https://twitter.com/andrefernm, https://youtube.com/depandrefernandes";"";"1997-12-10";"";"CE";"Iguatu"
"https://dadosabertos.camara.leg.br/api/v2/deputados/204423";"André Ferreira";"56";"57";"ANDRÉ FERREIRA RODRIGUES";"";"M";"https://www.instagram.com/andreferreira.pe, https://www.facebook.com/andreferreira.pe, https://youtube.com/channel/UC54XdbWXP1ZaimNu9Ujuvgw";"";"1972-12-10";"";"PE";"Recife"
"https://dadosabertos.camara.leg.br/api/v2/deputados/133439";"André Figueiredo";"52";"57";"ANDRÉ PEIXOTO FIGUEIREDO LIMA";"";"M";"https://www.facebook.com/DeputadoAndreFigueiredo, https://twitter.com/andrepdt12";"";"1966-11-10";"";"CE";"Fortaleza"
"https://dadosabertos.camara.leg.br/api/v2/deputados/178882";"André Fufuca";"55";"57";"ANDRE LUIZ CARVALHO RIBEIRO";"";"M";"";"";"1989-08-27";"";"MA";"Santa Inês"
"https://dadosabertos.camara.leg.br/api/v2/deputados/204515";"André Janones";"56";"57";"ANDRE LUIS GASPAR JANONES";"";"M";"https://www.instagram.com/andrejanones, https://www.facebook.com/andrejanones, https://youtube.com/AndreJanonesAdv, https://twitter.com/AndreJanonesAdv";"";"1984-05-05";"";"MG";"Ituiutaba"
"https://dadosabertos.camara.leg.br/api/v2/deputados/220676";"Andreia Siqueira";"57";"57";"ANDREIA BRITO GONÇALVES SIQUEIRA";"";"F";"https://www.instagram.com/andreiasiqueira, https://www.facebook.com/andreiabsiqueira, https://twitter.com/deputadaandreia";"";"1992-08-19";"";"PA";"Tucuruí"
"https://dadosabertos.camara.leg.br/api/v2/deputados/123756";"Antônia Lúcia";"54";"57";"ANTÔNIA LUCILÉIA CRUZ RAMOS CÂMARA";"";"F";"";"";"1970-07-17";"";"AC";"Senador Guiomard"
"https://dadosabertos.camara.leg.br/api/v2/deputados/220544";"Antonio Andrade";"57";"57";"ANTONIO POINCARE ANDRADE FILHO";"";"M";"https://www.facebook.com/toinhoandradetocantins, https://twitter.com/antonioandradet, https://www.instagram.com/toinhoandradeto";"";"1958-10-22";"";"TO";"Porto Nacional"
"https://dadosabertos.camara.leg.br/api/v2/deputados/160553";"Antonio Brito";"54";"57";"ANTONIO LUIZ PARANHOS RIBEIRO LEITE DE BRITO";"";"M";"https://www.instagram.com/antoniobritobahia/";"";"1969-01-17";"";"BA";"Salvador"
"https://dadosabertos.camara.leg.br/api/v2/deputados/220638";"Antonio Carlos Rodrigues";"57";"57";"ANTONIO CARLOS RODRIGUES";"";"M";"";"";"1950-05-17";"";"SP";"São Paulo"
"https://dadosabertos.camara.leg.br/api/v2/deputados/220675";"Antônio Doido";"57";"57";"ANTONIO LEOCÁDIO DOS SANTOS";"";"M";"";"";"1976-08-26";"";"BA";"Dom Macedo Costa"
"https://dadosabertos.camara.leg.br/api/v2/deputados/220549";"Any Ortiz";"57";"57";"ANY MACHADO ORTIZ";"";"F";"";"";"1983-10-19";"";"RS";"Canoas"
"https://dadosabertos.camara.leg.br/api/v2/deputados/73433";"Arlindo Chinaglia";"50";"57";"ARLINDO CHIGNALIA JUNIOR";"";"M";"https://www.facebook.com/depchinaglia, https://twitter.com/achinaglia, https://www.instagram.com/depchinaglia";"";"1949-12-24";"";"SP";"Serra Azul"
"https://dadosabertos.camara.leg.br/api/v2/deputados/141391";"Arnaldo Jardim";"53";"57";"ARNALDO CALIL PEREIRA JARDIM";"";"M";"https://twitter.com/arnaldojardim, https://www.facebook.com/deputadoarnaldojardim, https://www.instagram.com/arnaldojardimoficial, https://youtube.com/channel/UCBmGmOqIcw_Dob8eq3VtjZQ";"";"1955-05-08";"";"SP";"Altinópolis"
"https://dadosabertos.camara.leg.br/api/v2/deputados/160541";"Arthur Lira";"54";"57";"ARTHUR CÉSAR PEREIRA DE LIRA";"";"M";"";"";"1969-06-25";"";"AL";"Maceió"
"https://dadosabertos.camara.leg.br/api/v2/deputados/160600";"Arthur Oliveira Maia";"54";"57";"ARTHUR DE OLIVEIRA MAIA DA SILVA";"";"M";"https://facebook.com/arthur.oliveiramaia, https://instagram.com/departhuroliveiramaia, https://twitter.com/DepArthurMaia";"";"1964-08-17";"";"BA";"Salvador"
"https://dadosabertos.camara.leg.br/api/v2/deputados/74090";"Átila Lins";"49";"57";"ÁTILA SIDNEY LINS DE ALBUQUERQUE";"";"M";"";"";"1950-11-22";"";"AM";"Fonte Boa"
"https://dadosabertos.camara.leg.br/api/v2/deputados/123086";"Átila Lira";"57";"57";"ÁTILA DE MELO LIRA";"";"M";"https://twitter.com/atilaliraof, https://www.facebook.com/atilalirapi, https://www.instagram.com/atilalirapi/#";"";"1980-04-01";"";"PI";"Teresina"
"https://dadosabertos.camara.leg.br/api/v2/deputados/160665";"Augusto Coutinho";"54";"57";"AUGUSTO RODRIGUES COUTINHO DE MELO";"";"M";"https://twitter.com/dep_acoutinho, https://www.facebook.com/augusto.coutinho, https://www.instagram.com/augustocoutinhope, https://youtube.com/featured";"www.augustocoutinho.com.br";"1962-10-22";"";"PE";"Recife"
"https://dadosabertos.camara.leg.br/api/v2/deputados/220577";"Augusto Puppio";"57";"57";"JOSÉ AUGUSTO PUPPIO REIS JÚNIOR";"";"M";"https://www.facebook.com/augustopupio, https://www.instagram.com/augustopupio, https://twitter.com/AUGUSTOPUPIO, https://youtube.com/augustopupio7945";"";"1982-05-09";"";"PA";"Belém"
"https://dadosabertos.camara.leg.br/api/v2/deputados/160512";"Aureo Ribeiro";"54";"57";"AUREO LIDIO MOREIRA RIBEIRO";"";"M";"https://www.facebook.com/AureoRibeiroRJ, https://www.instagram.com/aureo.ribeiro, https://twitter.com/AureoRibeiroRJ, https://youtube.com/AureoRibeiro77";"www.deputadoaureo.com.br";"1979-02-17";"";"RJ";"Duque de Caxias"
"https://dadosabertos.camara.leg.br/api/v2/deputados/69871";"Bacelar";"55";"57";"JOAO CARLOS BACELAR BATISTA";"";"M";"https://www.facebook.com/DEPUTADOBACELAR, https://www.instagram.com/DEPUTADOBACELAR, https://twitter.com/DEPUTADOBACELAR";"";"1957-07-09";"";"BA";"Esplanada"
"https://dadosabertos.camara.leg.br/api/v2/deputados/178975";"Baleia Rossi";"55";"57";"LUIZ FELIPE BALEIA TENUTO ROSSI";"";"M";"https://www.instagram.com/baleia.rossi";"";"1972-06-09";"";"SP";"São Paulo"
"https://dadosabertos.camara.leg.br/api/v2/deputados/220605";"Bandeira de Mello";"57";"57";"EDUARDO CARVALHO BANDEIRA DE MELLO";"";"M";"https://www.instagram.com/eduardobandeirademello, https://www.facebook.com/eduardobandeirademello, https://twitter.com/mello_bandeira, https://youtube.com/bandeirademello.oficial";"";"1953-03-22";"";"RJ";"Rio de Janeiro"
"https://dadosabertos.camara.leg.br/api/v2/deputados/220612";"Bebeto";"57";"57";"Carlos Roberto Rodrigues";"";"M";"https://www.facebook.com/bebetodaveggi, https://www.instagram.com/bebetorj";"";"1963-07-31";"";"MG";"Muriaé"
"https://dadosabertos.camara.leg.br/api/v2/deputados/73701";"Benedita da Silva";"48";"57";"BENEDITA SOUZA DA SILVA SAMPAIO";"";"F";"";"";"1942-04-26";"";"RJ";"Rio de Janeiro"
"https://dadosabertos.camara.leg.br/api/v2/deputados/109429";"Benes Leocádio";"56";"57";"LUIZ BENES LEOCADIO DE ARAUJO";"";"M";"https://www.instagram.com/benesleocadiorn, https://twitter.com/benesleocadiorn, https://www.facebook.com/BenesLeocadioRN";"";"1966-04-22";"";"RN";"Santana do Matos"
"https://dadosabertos.camara.leg.br/api/v2/deputados/204358";"Beto Pereira";"56";"57";"HUMBERTO REZENDE PEREIRA";"";"M";"";"";"1977-11-14";"";"MS";"Campo Grande"
"https://dadosabertos.camara.leg.br/api/v2/deputados/220698";"Beto Preto";"57";"57";"CARLOS ALBERTO GEBRIM PRETO";"";"M";"https://www.facebook.com/betopretoparana, https://www.instagram.com/betopretoparana, https://twitter.com/betopretoparana, https://youtube.com/channel/UCBdkUghXHjx9cOc-RAm0cUg";"";"1968-02-17";"";"PR";"Londrina"
"https://dadosabertos.camara.leg.br/api/v2/deputados/220683";"Beto Richa";"57";"57";"CARLOS ALBERTO RICHA";"";"M";"https://www.instagram.com/betoricha/, https://pt-br.facebook.com/BetoRichaOficial, https://twitter.com/BetoRicha, https://www.youtube.com/channel/UC11K_Oia5ib5Zknm87oG1FQ";"";"1965-07-29";"";"PR";"Londrina"
"https://dadosabertos.camara.leg.br/api/v2/deputados/204374";"Bia Kicis";"56";"57";"BEATRIZ KICIS TORRENTS DE SORDI";"";"F";"https://www.facebook.com/biakicis, https://www.instagram.com/biakicis, https://twitter.com/biakicis, https://youtube.com/biakicis";"";"1961-09-19";"";"RJ";"Resende"
"https://dadosabertos.camara.leg.br/api/v2/deputados/204388";"Bibo Nunes";"56";"57";"ALCIBIO MESQUITA BIBO NUNES";"";"M";"";"";"1957-01-09";"";"RS";"Cruz Alta"
"https://dadosabertos.camara.leg.br/api/v2/deputados/160538";"Bohn Gass";"54";"57";"ELVINO JOSÉ BOHN GASS";"";"M";"https://twitter.com/BohnGass, https://www.facebook.com/bohngass13, https://www.instagram.com/bohn_gass, https://youtube.com/channel/UC8LeZcF8VFnSRHcAW9-lvwg";"";"1962-02-05";"";"RS";"Santo Cristo"
"https://dadosabertos.camara.leg.br/api/v2/deputados/74052";"Bosco Costa";"52";"57";"JOÃO BOSCO DA COSTA";"";"M";"";"";"1950-09-28";"";"SE";"Itabaiana"
"https://dadosabertos.camara.leg.br/api/v2/deputados/210989";"Bruno Farias";"57";"57";"BRUNO SOUZA FARIAS";"";"M";"https://www.instagram.com/brunofariasmg, https://www.facebook.com/brunofariasmg";"";"1982-10-07";"";"MG";"Teófilo Otoni"
"https://dadosabertos.camara.leg.br/api/v2/deputados/220635";"Bruno Ganem";"57";"57";"BRUNO AREVALO GANEM";"";"M";"https://www.instagram.com/brunoganemsp, https://www.facebook.com/BrunoGanemSP";"";"1986-09-15";"";"SP";"São Paulo"
"https://dadosabertos.camara.leg.br/api/v2/deputados/220574";"Cabo Gilberto Silva";"57";"57";"GILBERTO GOMES DA SILVA";"";"M";"https://www.facebook.com/CaboGilbertoSilva, https://www.instagram.com/CaboGilbertoSilva, https://twitter.com/cabogilberto, https://youtube.com/cabogilberto";"";"1981-04-01";"";"PB";"Santa Rita"
"https://dadosabertos.camara.leg.br/api/v2/deputados/143942";"Caio Vianna";"57";"57";"CAIO SANTOS VIANNA";"";"M";"";"";"1988-12-08";"";"RJ";"Campos dos Goytacazes"
"https://dadosabertos.camara.leg.br/api/v2/deputados/220548";"Camila Jara";"57";"57";"CAMILA BAZACHI JARA MARZOCHI";"";"F";"https://www.instagram.com/camilajarams, https://twitter.com/camilajarams, https://www.facebook.com/camilajarams";"";"1995-02-10";"";"MS";"Campo Grande"
"https://dadosabertos.camara.leg.br/api/v2/deputados/204572";"Capitão Alberto Neto";"56";"57";"ALBERTO BARROS CAVALCANTE NETO";"";"M";"https://twitter.com/capalbertoneto, https://www.facebook.com/capitaoalbertoneto, https://www.instagram.com/capitaoalbertoneto";"";"1982-05-05";"";"CE";"Fortaleza"
"https://dadosabertos.camara.leg.br/api/v2/deputados/220690";"Capitão Alden";"57";"57";"ALDEN JOSE LAZARO DA SILVA";"";"M";"https://www.facebook.com/deputadocapitaoalden, https://twitter.com/https:";"";"1980-04-19";"";"BA";"Salvador"
"https://dadosabertos.camara.leg.br/api/v2/deputados/178829";"Capitão Augusto";"55";"57";"JOSE AUGUSTO ROSA";"";"M";"";"";"1966-10-04";"";"SP";"Ourinhos"
"https://dadosabertos.camara.leg.br/api/v2/deputados/229069";"Capitão Samuel";"57";"57";"SAMUEL ALVES BARRETO";"";"M";"";"";"1970-02-03";"";"SE";"Malhador"
"https://dadosabertos.camara.leg.br/api/v2/deputados/229106";"Carla Ayres";"57";"57";"CARLA SIMARA LUCIANA DA SILVA AYRES";"";"F";"";"";"1988-03-15";"";"SP";"Jales"
"https://dadosabertos.camara.leg.br/api/v2/deputados/213762";"Carla Dickson";"56";"57";"HILKEA CARLA DE SOUZA MEDEIROS LIMA";"";"F";"https://www.instagram.com/carladicksonoficial, https://www.facebook.com/carladicksonoficial";"";"1976-07-02";"";"PA";"Belém"
"https://dadosabertos.camara.leg.br/api/v2/deputados/204507";"Carla Zambelli";"56";"57";"CARLA ZAMBELLI SALGADO DE OLIVEIRA";"";"F";"https://twitter.com/CarlaZambelli38, https://www.facebook.com/ZambelliOficial, https://www.instagram.com/carla.zambelli, https://youtube.com/carlazambelli";"";"1980-07-03";"";"SP";"Ribeirão Preto"
"https://dadosabertos.camara.leg.br/api/v2/deputados/204361";"Carlos Chiodini";"56";"57";"CARLOS ALBERTO CHIODINI";"";"M";"https://pt-br.facebook.com/CarlosChiodini/, https://www.instagram.com/carloschiodini, https://twitter.com/carloschiodini, https://youtube.com/channel/UClnRgQbRinB3rSABMSePm7w";"http://www.carloschiodini.com.br/";"1982-03-08";"";"SC";"Jaraguá do Sul"
"https://dadosabertos.camara.leg.br/api/v2/deputados/178962";"Carlos Gomes";"55";"57";"ANTONIO CARLOS GOMES DA SILVA";"";"M";"https://twitter.com/carlosgomesdep, https://www.facebook.com/deputadocarlosgomes, https://www.instagram.com/carlosgomesdep";"";"1972-06-13";"";"BA";"Saúde"
"https://dadosabertos.camara.leg.br/api/v2/deputados/178993";"Carlos Henrique Gaguim";"55";"57";"CARLOS HENRIQUE AMORIM";"";"M";"https://www.facebook.com/carlosgaguim";"";"1961-04-21";"";"GO";"Ceres"
"https://dadosabertos.camara.leg.br/api/v2/deputados/204460";"Carlos Jordy";"56";"57";"Carlos Roberto Jordy Coelho de Mattos";"";"M";"https://youtube.com/channel/UCkWU59eSRp41W6bCdyJlRdg, https://twitter.com/carlosjordy, https://www.instagram.com/carlosjordy, https://www.facebook.com/carlosjordyoficial";"";"1982-02-08";"";"RJ";"Niterói"
"https://dadosabertos.camara.leg.br/api/v2/deputados/74262";"Carlos Sampaio";"52";"57";"CARLOS HENRIQUE FOCESI SAMPAIO";"";"M";"";"";"1963-03-31";"";"SP";"Campinas"
"https://dadosabertos.camara.leg.br/api/v2/deputados/204426";"Carlos Veras";"56";"57";"JOSÉ CARLOS VERAS DOS SANTOS";"";"M";"https://twitter.com/carlosveraspt, https://www.instagram.com/carlosverass, https://www.facebook.com/deputadocarlosveras, https://youtube.com/channel/UC93PwCF8EVN4RYG-h2OpJLw";"";"1981-08-10";"";"PE";"Tabira"
"https://dadosabertos.camara.leg.br/api/v2/deputados/141398";"Carlos Zarattini";"53";"57";"CARLOS ALBERTO ROLIM ZARATTINI";"";"M";"https://twitter.com/CarlosZarattini, https://www.facebook.com/dep.zarattini, https://www.instagram.com/depzarattini, https://youtube.com/channel/UCAToRcTD6QsRAXjCBU8LTzw";"";"1959-06-08";"";"SP";"São Paulo"
"https://dadosabertos.camara.leg.br/api/v2/deputados/164360";"Carmen Zanotto";"54";"57";"CARMEN EMÍLIA BONFÁ ZANOTTO";"";"F";"https://www.instagram.com/carmenzanotto_lages, https://www.facebook.com/CarmenZanottoSC, https://www.youtube.com/c/CarmenZanottoCarmenZanotto2323, https://twitter.com/carmen_zanotto";"";"1962-10-06";"";"SC";"Lages"
"https://dadosabertos.camara.leg.br/api/v2/deputados/220704";"Carol Dartora";"57";"57";"ANA CAROLINA MOURA MELO DARTORA";"";"F";"";"";"1983-05-01";"";"PR";"Curitiba"
"https://dadosabertos.camara.leg.br/api/v2/deputados/204369";"Caroline de Toni";"56";"57";"CAROLINE RODRIGUES DE TONI";"";"F";"https://twitter.com/CarolDeToni, https://www.instagram.com/carolinedetoni, https://www.facebook.com/carolinerdetoni, https://youtube.com/videos";"";"1986-09-01";"";"SC";"Chapecó"
"https://dadosabertos.camara.leg.br/api/v2/deputados/220699";"Castro Neto";"57";"57";"JOSÉ DIAS DE CASTRO NETO";"";"M";"";"";"1974-04-23";"";"PI";"Teresina"
"https://dadosabertos.camara.leg.br/api/v2/deputados/206018";"Célia Xakriabá";"57";"57";"CÉLIA NUNES CORREA";"";"F";"";"";"1989-05-10";"";"SP";"São Paulo"
"https://dadosabertos.camara.leg.br/api/v2/deputados/178876";"Célio Silveira";"55";"57";"CELIO ANTONIO DA SILVEIRA";"";"M";"https://www.instagram.com/celiosilveiradeputado, https://www.facebook.com/celiosilveiradeputado";"";"1959-09-19";"";"GO";"Luziânia"
"https://dadosabertos.camara.leg.br/api/v2/deputados/204488";"Célio Studart";"56";"57";"CELIO STUDART BARBOSA";"";"M";"https://twitter.com/CelioStudart, https://www.facebook.com/celio.studart, https://www.instagram.com/celiostudart, https://youtube.com/channel/UCHEI0XtQiyNwR5x7bVTewGQ";"";"1987-06-19";"";"CE";"Fortaleza"
"https://dadosabertos.camara.leg.br/api/v2/deputados/73441";"Celso Russomanno";"50";"57";"CELSO UBIRAJARA RUSSOMANNO";"";"M";"https://www.facebook.com/celsorussomanno, https://www.instagram.com/celsorussomanno, https://twitter.com/celsorussomanno, https://youtube.com/celsorussomanno";"";"1956-08-20";"";"SP";"São Paulo"
"https://dadosabertos.camara.leg.br/api/v2/deputados/204496";"Celso Sabino";"56";"57";"CELSO SABINO DE OLIVEIRA";"";"M";"https://www.instagram.com/celsosabinooficial, https://twitter.com/depcelsosabino, https://www.facebook.com/celsosabinooficial";"";"1978-08-29";"";"PA";"Belém"
"https://dadosabertos.camara.leg.br/api/v2/deputados/204504";"Cezinha de Madureira";"56";"57";"ANTONIO CEZAR CORREIA FREIRE";"";"M";"https://www.facebook.com/cezinhademadureira, https://www.instagram.com/cezinhademadureira";"";"1973-12-12";"";"BA";"Ipiaú"
"https://dadosabertos.camara.leg.br/api/v2/deputados/205476";"Charles Fernandes";"56";"57";"CHARLES FERNANDES SILVEIRA SANTANA";"";"M";"";"";"1965-03-15";"";"BA";"Guanambi"
"https://dadosabertos.camara.leg.br/api/v2/deputados/74171";"Chico Alencar";"52";"57";"FRANCISCO RODRIGUES DE ALENCAR FILHO";"";"M";"https://www.instagram.com/chico.alencar, https://www.facebook.com/chicoalencar, https://twitter.com/depchicoalencar";"";"1949-10-19";"";"RJ";"Rio de Janeiro"
"https://dadosabertos.camara.leg.br/api/v2/deputados/204476";"Chiquinho Brazão";"56";"57";"JOÃO FRANCISCO INÁCIO BRAZÃO";"";"M";"https://www.facebook.com/depchiquinhobrazao, https://www.instagram.com/depchiquinhobrazao/, https://www.youtube.com/channel/UCZFu_NUGJKjC7mXITckcqJA, https://twitter.com/brazaochiquinho";"";"1962-02-22";"";"RJ";"Rio de Janeiro"
"https://dadosabertos.camara.leg.br/api/v2/deputados/204462";"Chris Tonietto";"56";"57";"CHRISTINE NOGUEIRA DOS REIS TONIETTO";"";"F";"https://www.facebook.com/ChrisTonietto, https://twitter.com/ToniettoChris, https://youtube.com/channel/UCqqG6AaU2hm2vLhMir4Jdlw, https://www.instagram.com/christonietto";"";"1991-05-14";"";"RJ";"Rio de Janeiro"
"https://dadosabertos.camara.leg.br/api/v2/deputados/220665";"Clarissa Tércio";"57";"57";"ERICA CLARISSA BORBA CORDEIRO DE MOURA";"";"F";"https://youtube.com/CLARISSATERCIOOficial, https://twitter.com/clarissatercio, https://www.facebook.com/clarissatercio, https://www.instagram.com/clarissatercio";"";"1984-12-26";"";"PE";"Recife"
"https://dadosabertos.camara.leg.br/api/v2/deputados/74537";"Claudio Cajado";"50";"57";"CLÁUDIO CAJADO SAMPAIO";"";"M";"";"";"1963-12-01";"";"BA";"Salvador"
"https://dadosabertos.camara.leg.br/api/v2/deputados/141408";"Cleber Verde";"53";"57";"CLEBER VERDE CORDEIRO MENDES";"";"M";"";"";"1972-05-10";"";"MA";"Santa Luzia"
"https://dadosabertos.camara.leg.br/api/v2/deputados/88256";"Clodoaldo Magalhães";"57";"57";"CLODOALDO MAGALHÃES OLIVEIRA LYRA";"";"M";"https://www.facebook.com/deputadoclodoaldomagalhaes, https://www.instagram.com/deputadoclodoaldomagalhaes, https://twitter.com/depclodoaldom";"";"1975-11-13";"";"PE";"Palmares"
"https://dadosabertos.camara.leg.br/api/v2/deputados/98148";"Cobalchini";"57";"57";"VALDIR VITAL COBALCHINI";"";"M";"";"";"1963-09-07";"";"SC";"São Lourenço D'Oeste"
"https://dadosabertos.camara.leg.br/api/v2/deputados/204376";"Coronel Armando";"56";"57";"LUIZ ARMANDO SCHROEDER REIS";"";"M";"https://twitter.com/cel_armando, https://www.facebook.com/coronel.armando, https://www.instagram.com/dep.coronel.armando, https://youtube.com/DeputadoCoronelArmando";"";"1957-06-23";"";"RJ";"Resende"
"https://dadosabertos.camara.leg.br/api/v2/deputados/220594";"Coronel Assis";"57";"57";"JONILDO JOSÉ DE ASSIS";"";"M";"https://www.facebook.com/coronelassismt, https://www.instagram.com/coronelassis, https://youtube.com/coronelassis308, https://twitter.com/coronelassismt";"";"1976-04-16";"";"MT";"Cuiabá"
"https://dadosabertos.camara.leg.br/api/v2/deputados/204378";"Coronel Chrisóstomo";"56";"57";"JOÃO CHRISÓSTOMO DE MOURA";"";"M";"";"";"1959-06-23";"";"AM";"Tefé"
"https://dadosabertos.camara.leg.br/api/v2/deputados/220595";"Coronel Fernanda";"57";"57";"RUBIA FERNANDA DINIZ ROBSON SANTOS DE SIQUEIRA";"";"F";"https://twitter.com/coronelfernand9, https://www.facebook.com/coronelfernandamt, https://www.instagram.com/coronelfernandamt";"";"1974-11-13";"";"MT";"Cuiabá"
"https://dadosabertos.camara.leg.br/api/v2/deputados/220666";"Coronel Meira";"57";"57";"LUIZ DE FRANÇA E SILVA MEIRA";"";"M";"https://www.instagram.com/coronelmeiraoficial, https://twitter.com/coronel_meira";"";"1958-01-07";"";"PE";"Camaragibe"
"https://dadosabertos.camara.leg.br/api/v2/deputados/204514";"Coronel Tadeu";"56";"57";"MARCIO TADEU ANHAIA DE LEMOS";"";"M";"https://twitter.com/coroneltadeu, https://www.facebook.com/coroneltadeu, https://www.instagram.com/coroneltadeu, https://youtube.com/coroneltadeuoficial";"";"1965-09-30";"";"SP";"São Paulo"
"https://dadosabertos.camara.leg.br/api/v2/deputados/222142";"Coronel Telhada";"57";"57";"PAULO ADRIANO LOPES LUCINDA TELHADA";"";"M";"";"";"1961-10-10";"";"SP";"São Paulo"
"https://dadosabertos.camara.leg.br/api/v2/deputados/220590";"Coronel Ulysses";"57";"57";"ULYSSES FREITAS PEREIRA DE ARAÚJO";"";"M";"https://www.instagram.com/coronelulysses, https://youtube.com/coronelulysses, https://twitter.com/coronelulysses, https://www.facebook.com/coronelulysses";"";"1972-10-19";"";"AC";"Cruzeiro do Sul"
"https://dadosabertos.camara.leg.br/api/v2/deputados/178963";"Covatti Filho";"55";"57";"LUIS ANTONIO FRANCISCATTO COVATTI";"";"M";"https://www.facebook.com/covatti.filho, https://www.instagram.com/covattifilho, https://twitter.com/covattifilho";"";"1987-07-25";"";"RS";"Frederico Westphalen"
"https://dadosabertos.camara.leg.br/api/v2/deputados/220608";"Cristiane Lopes";"57";"57";"CRISTIANE LOPES DA LUZ";"";"F";"";"";"1983-11-17";"";"RO";"Porto Velho"
"https://dadosabertos.camara.leg.br/api/v2/deputados/234840";"Cristiano Furlan";"57";"57";"CRISTIANO BEVILACQUA FURLAN";"";"M";"";"";"1976-12-01";"";"SP";"Ribeirão Preto"
"https://dadosabertos.camara.leg.br/api/v2/deputados/204355";"Da Vitoria";"56";"57";"JOSIAS MARIO DA VITORIA";"";"M";"https://www.instagram.com/deputadodavitoria, https://www.facebook.com/deputadodavitoria, https://twitter.com/depdavitoria, https://youtube.com/channel/UC4YSDb1Hfh-DtR1Wj0WQNWg?view_as=subscriber";"";"1971-06-02";"";"ES";"Colatina"
"https://dadosabertos.camara.leg.br/api/v2/deputados/141411";"Dagoberto Nogueira";"53";"57";"DAGOBERTO NOGUEIRA FILHO";"";"M";"https://twitter.com/depdagoberto, https://www.instagram.com/dagobertonogueirams, https://www.facebook.com/dagobertonogueirams";"";"1955-07-21";"";"SP";"São José do Rio Preto"
"https://dadosabertos.camara.leg.br/api/v2/deputados/220555";"Daiana Santos";"57";"57";"DAIANA SILVA DOS SANTOS";"";"F";"https://www.instagram.com/daianasantospoa, https://www.facebook.com/daianasantospoa, https://twitter.com/daianasantospoa";"";"1982-01-29";"";"RS";"Júlio de Castilhos"
"https://dadosabertos.camara.leg.br/api/v2/deputados/220692";"Dal Barreto";"57";"57";"ADALBERTO ROSA BARRETO";"";"M";"https://www.facebook.com/dalbarretodep, https://www.instagram.com/dalbarretodeputado, https://twitter.com/deputadodal, https://youtube.com/channel/UCFUsJuJCkySxlbxeZjrpKgQ";"";"1979-03-16";"";"BA";"Amargosa"
"https://dadosabertos.camara.leg.br/api/v2/deputados/74467";"Damião Feliciano";"51";"57";"DAMIÃO FELICIANO DA SILVA";"";"M";"";"";"1952-04-28";"";"PB";"Campina Grande"
"https://dadosabertos.camara.leg.br/api/v2/deputados/220629";"Dandara";"57";"57";"DANDARA TONANTZIN SILVA CASTRO";"";"F";"https://www.instagram.com/todandara, https://twitter.com/todandara";"";"1994-01-23";"";"MG";"Gurinhatã"
"https://dadosabertos.camara.leg.br/api/v2/deputados/220603";"Dani Cunha";"57";"57";"DANIELLE DYTZ DA CUNHA";"";"F";"";"";"1987-05-19";"";"RJ";"Rio de Janeiro"
"https://dadosabertos.camara.leg.br/api/v2/deputados/220571";"Daniel Agrobom";"57";"57";"DANIEL VIEIRA RAMOS";"";"M";"https://www.instagram.com/daniel.agrobom";"";"1968-07-02";"";"MG";"Uberlândia"
"https://dadosabertos.camara.leg.br/api/v2/deputados/74060";"Daniel Almeida";"52";"57";"DANIEL GOMES DE ALMEIDA";"";"M";"";"";"1955-01-21";"";"BA";"Mairi"
"https://dadosabertos.camara.leg.br/api/v2/deputados/220582";"Daniel Barbosa";"57";"57";"DANIEL BARBOSA DE ALMEIDA SILVA";"";"M";"https://www.instagram.com/daniel.barbosa.al, https://twitter.com/DanielBarbosaAL";"";"1984-10-27";"";"AL";"Maceió"
"https://dadosabertos.camara.leg.br/api/v2/deputados/204367";"Daniel Freitas";"56";"57";"DANIEL COSTA DE FREITAS";"";"M";"https://www.instagram.com/danielcfreitas, https://www.facebook.com/depdanielfreitas, https://twitter.com/DFDanielFreitas";"";"1982-04-03";"";"SC";"Criciúma"
"https://dadosabertos.camara.leg.br/api/v2/deputados/228941";"Daniel José";"57";"57";"DANIEL JOSÉ DA SILVA OLIVEIRA";"";"M";"";"";"1988-02-14";"";"SP";"Bragança Paulista"
"https://dadosabertos.camara.leg.br/api/v2/deputados/204409";"Daniel Trzeciak";"56";"57";"DANIEL TRZECIAK DUARTE";"";"M";"https://twitter.com/TrzeciakDaniel, https://www.instagram.com/danieltrzeciak45, https://www.facebook.com/DanielTrzeciak45, https://youtube.com/DanielTrzeciak";"";"1986-11-04";"";"RS";"Dom Feliciano"
"https://dadosabertos.camara.leg.br/api/v2/deputados/204459";"Daniela do Waguinho";"56";"57";"DANIELA MOTE DE SOUZA CARNEIRO";"";"F";"https://www.facebook.com/share, https://www.instagram.com/danielacarneirooficial, https://twitter.com/https:";"";"1976-02-10";"";"RJ";"Rio de Janeiro"
"https://dadosabertos.camara.leg.br/api/v2/deputados/220557";"Daniela Reinehr";"57";"57";"DANIELA CRISTINA REINEHR";"";"F";"https://www.facebook.com/danielareinehr.sc, https://twitter.com/DanielaReinehr, https://www.instagram.com/danielareinehr";"";"1977-04-04";"";"SC";"Maravilha"
"https://dadosabertos.camara.leg.br/api/v2/deputados/62881";"Danilo Forte";"54";"57";"FRANCISCO DANILO BASTOS FORTE";"";"M";"https://www.instagram.com/depdaniloforte, https://www.facebook.com/depdaniloforte, https://twitter.com/depdaniloforte";"";"1958-09-01";"";"CE";"Fortaleza"
"https://dadosabertos.camara.leg.br/api/v2/deputados/160552";"Danrlei de Deus Hinterholz";"54";"57";"DANRLEI DE DEUS HINTERHOLZ";"";"M";"";"";"1973-04-18";"";"RS";"Crissiumal"
"https://dadosabertos.camara.leg.br/api/v2/deputados/116379";"Darci de Matos";"56";"57";"DARCI DE MATOS";"";"M";"";"";"1961-11-08";"";"PR";"Cafelândia"
"https://dadosabertos.camara.leg.br/api/v2/deputados/204511";"David Soares";"56";"57";"DAVID BEZERRA RIBEIRO SOARES";"";"M";"";"";"1973-12-21";"";"RJ";"Rio de Janeiro"
"https://dadosabertos.camara.leg.br/api/v2/deputados/220659";"Dayany Bittencourt";"57";"57";"DAYANY BITTENCOURT SANTIL";"";"F";"https://www.instagram.com/dayanybittencourt, https://www.facebook.com/dayanydocapitao/, https://twitter.com/dep_dayany, https://youtube.com/dayanydocapitao9613";"";"1981-09-13";"";"CE";"Fortaleza"
"https://dadosabertos.camara.leg.br/api/v2/deputados/220539";"Defensor Stélio Dener";"57";"57";"STÉLIO DENER DE SOUZA CRUZ";"";"M";"";"";"1972-11-16";"";"RR";"Boa Vista"
"https://dadosabertos.camara.leg.br/api/v2/deputados/220565";"Delegada Adriana Accorsi";"57";"57";"ADRIANA SAUTHIER ACCORSI";"";"F";"https://www.facebook.com/delegadaadrianaaccorsi, https://www.youtube.com/channel/UCka3DO1hTh69qpZm27yjlmg, https://www.instagram.com/adriana_accorsi/, https://twitter.com/Adriana_Accorsi";"";"1973-03-17";"";"GO";"Itapuranga"
"https://dadosabertos.camara.leg.br/api/v2/deputados/220625";"Delegada Ione";"57";"57";"IONE MARIA MOREIRA DIAS BARBOSA";"";"F";"";"";"1974-03-20";"";"MG";"Barbacena"
"https://dadosabertos.camara.leg.br/api/v2/deputados/220561";"Delegada Katarina";"57";"57";"KATARINA FEITOZA LIMA SANTANA";"";"F";"https://www.facebook.com/delegadakatarina, https://www.instagram.com/delegadakatarina/, https://www.youtube.com/@delegadakatarina";"";"1973-10-05";"";"SE";"Aracaju"
"https://dadosabertos.camara.leg.br/api/v2/deputados/220642";"Delegado Bruno Lima";"57";"57";"BRUNO MARCELLO DE OLIVEIRA LIMA";"";"M";"https://twitter.com/https:, https://www.facebook.com/profile.php, https://www.instagram.com/del.brunolima";"";"1986-08-25";"";"SP";"São Paulo"
"https://dadosabertos.camara.leg.br/api/v2/deputados/220673";"Delegado Caveira";"57";"57";"LENILDO MENDES DOS SANTOS SERTÃO";"";"M";"https://www.facebook.com/delegadocaveira, https://www.instagram.com/delegadocaveira, https://twitter.com/delegadocaveira, https://youtube.com/delegadocaveira";"";"1979-04-27";"";"GO";"Rio Verde"
"https://dadosabertos.camara.leg.br/api/v2/deputados/220649";"Delegado da Cunha";"57";"57";"CARLOS ALBERTO DA CUNHA";"";"M";"https://www.youtube.com/@DelegadodaCunha, https://m.facebook.com/delegadodacunha?mibextid=ZbWKwL, https://twitter.com/DacunhaDelegado, https://instagram.com/delegadodacunha?igshid=ZDdkNTZiNTM=";"";"1977-10-14";"";"SP";"Santos"
"https://dadosabertos.camara.leg.br/api/v2/deputados/178908";"Delegado Éder Mauro";"55";"57";"EDER MAURO CARDOSO BARRA";"";"M";"";"";"1960-12-14";"";"PA";"Belém"
"https://dadosabertos.camara.leg.br/api/v2/deputados/220583";"Delegado Fabio Costa";"57";"57";"FABIO MICHEY COSTA DA SILVA";"";"M";"https://www.facebook.com/DelegadoFabioCosta, https://www.instagram.com/delegadofabiocosta, https://twitter.com/delegadofabioc1, https://youtube.com/channel/UC8rTmVCfhCWa0ufzxg_cMzw";"";"1980-10-15";"";"PE";"Recife"
"https://dadosabertos.camara.leg.br/api/v2/deputados/204512";"Delegado Marcelo Freitas";"56";"57";"MARCELO EDUARDO FREITAS";"";"M";"https://www.instagram.com/delegadomarcelofreitas, https://www.facebook.com/delegadomarcelofreitas, https://twitter.com/DelegadoFreitas, https://youtube.com/channel/UC-YDFg5FTo1FKRkav_mD6oQ";"";"1976-03-04";"";"MG";"Montes Claros"
"https://dadosabertos.camara.leg.br/api/v2/deputados/220701";"Delegado Matheus Laiola";"57";"57";"MATHEUS ARAUJO LAIOLA";"";"M";"https://www.facebook.com/delegadomatheuslaiola, https://www.instagram.com/delegado.matheuslaiola, https://twitter.com/MatheusLaiola";"";"1982-12-24";"";"SP";"Cândido Mota"
"https://dadosabertos.camara.leg.br/api/v2/deputados/220652";"Delegado Palumbo";"57";"57";"MARIO PALUMBO JUNIOR";"";"M";"https://www.facebook.com/delegadopalumbo, https://www.instagram.com/delegadopalumbo/";"";"1974-08-16";"";"SP";"São Paulo"
"https://dadosabertos.camara.leg.br/api/v2/deputados/220654";"Delegado Paulo Bilynskyj";"57";"57";"PAULO FRANCISCO MUNIZ BILYNSKYJ";"";"M";"";"";"1987-03-10";"";"SP";"São Paulo"
"https://dadosabertos.camara.leg.br/api/v2/deputados/220619";"Delegado Ramagem";"57";"57";"ALEXANDRE RAMAGEM RODRIGUES";"";"M";"";"";"1972-05-08";"";"RJ";"Rio de Janeiro"
"https://dadosabertos.camara.leg.br/api/v2/deputados/228272";"Délio Pinheiro";"57";"57";"DELIO PINHEIRO NETO";"";"M";"";"";"1977-09-27";"";"MG";"Porteirinha"
"https://dadosabertos.camara.leg.br/api/v2/deputados/220705";"Deltan Dallagnol";"57";"57";"DELTAN MARTINAZZO DALLAGNOL";"";"M";"";"";"1980-01-15";"";"PR";"Pato Branco"
"https://dadosabertos.camara.leg.br/api/v2/deputados/220553";"Denise Pessôa";"57";"57";"DENISE DA SILVA PESSÔA";"";"F";"";"";"1983-06-17";"";"RS";"Caxias do Sul"
"https://dadosabertos.camara.leg.br/api/v2/deputados/220689";"Detinha";"57";"57";"MARIA DEUSDETE LIMA CUNHA RODRIGUES";"";"F";"https://www.instagram.com/detinhapl, https://youtube.com/detinha, https://www.facebook.com/detinha";"";"1979-01-25";"";"CE";"Cariús"
"https://dadosabertos.camara.leg.br/api/v2/deputados/160588";"Diego Andrade";"54";"57";"DIEGO LEONARDO DE ANDRADE CARVALHO";"";"M";"https://twitter.com/@diegoandrademg, https://www.facebook.com/diegoandrademg, https://www.instagram.com/diegoandrademg";"";"1977-08-08";"";"MG";"Belo Horizonte"
"https://dadosabertos.camara.leg.br/api/v2/deputados/220691";"Diego Coronel";"57";"57";"DIEGO HENRIQUE SILVA CERQUEIRA MARTINS";"";"M";"";"";"1983-01-22";"";"BA";"Salvador"
"https://dadosabertos.camara.leg.br/api/v2/deputados/178929";"Diego Garcia";"55";"57";"DIEGO ALEXSANDER GONCALO PAULA GARCIA";"";"M";"https://twitter.com/diegogarciapr, https://www.facebook.com/diegogarciapr, https://www.instagram.com/diegogarciaparana, https://youtube.com/diegogarciapr";"";"1984-10-10";"";"PR";"Bandeirantes"
"https://dadosabertos.camara.leg.br/api/v2/deputados/73768";"Dilceu Sperafico";"50";"57";"DILCEU JOÃO SPERAFICO";"";"M";"";"";"1948-01-26";"";"RS";"Santa Rosa"
"https://dadosabertos.camara.leg.br/api/v2/deputados/220671";"Dilvanda Faro";"57";"57";"DILVANDA FURTADO FARO";"";"F";"";"";"1969-05-08";"";"PA";"Bujaru"
"https://dadosabertos.camara.leg.br/api/v2/deputados/160599";"Dimas Fabiano";"54";"57";"DIMAS FABIANO TOLEDO JÚNIOR";"";"M";"";"";"1973-05-23";"";"RJ";"Macaé"
"https://dadosabertos.camara.leg.br/api/v2/deputados/220602";"Dimas Gadelha";"57";"57";"DIMAS DE PAIVA GADELHA JUNIOR";"";"M";"https://www.facebook.com/dimasgadelha13, https://www.instagram.com/dimasgadelha13, https://twitter.com/drdimasgadelha, https://youtube.com/channel/UCgGSnpuEXdYKaeE7ZyPgjqw";"";"1975-05-03";"";"PB";"Sousa"
"https://dadosabertos.camara.leg.br/api/v2/deputados/143632";"Domingos Neto";"54";"57";"DOMINGOS GOMES DE AGUIAR NETO";"";"M";"https://twitter.com/domingos_neto, https://www.facebook.com/DomingosNetoCeara, https://www.instagram.com/domingosneto, https://youtube.com/channel/UCenz2PqXTJKnPGRVNTs0AAg";"";"1988-04-29";"";"CE";"Fortaleza"
"https://dadosabertos.camara.leg.br/api/v2/deputados/160758";"Domingos Sávio";"54";"57";"DOMINGOS SÁVIO CAMPOS RESENDE";"";"M";"";"";"1957-03-25";"";"MG";"São Tiago"
"https://dadosabertos.camara.leg.br/api/v2/deputados/220573";"Dorinaldo Malafaia";"57";"57";"DORINALDO BARBOSA MALAFAIA";"";"M";"https://www.instagram.com/malafaiadorinaldo, https://twitter.com/malafaia_d";"";"1976-02-23";"";"AP";"Macapá"
"https://dadosabertos.camara.leg.br/api/v2/deputados/227433";"Douglas Viegas";"57";"57";"DOUGLAS DE PAULO VIEGAS";"";"M";"";"";"1979-06-19";"";"SP";"São Paulo"
"https://dadosabertos.camara.leg.br/api/v2/deputados/204450";"Doutor Luizinho";"56";"57";"LUIZ ANTONIO DE SOUZA TEIXEIRA JÚNIOR";"";"M";"https://www.facebook.com/doutorluizinho, https://www.instagram.com/doutorluizinho, https://twitter.com/Doutorluizinhot";"";"1973-12-15";"";"RJ";"Nova Iguaçu"
"https://dadosabertos.camara.leg.br/api/v2/deputados/227401";"Dr Fabio Rueda";"57";"57";"FABIO GONÇALVES DE RUEDA";"";"M";"https://www.instagram.com/fabioruedaoficial, https://www.facebook.com/fabio.derueda";"";"1977-07-17";"";"PE";"Recife"
"https://dadosabertos.camara.leg.br/api/v2/deputados/227991";"Dr Flávio";"57";"57";"FLAVIO CAMPOS FERREIRA";"";"M";"";"";"1971-02-25";"";"MG";"Central de Minas"
"https://dadosabertos.camara.leg.br/api/v2/deputados/221339";"Dr. Benjamim";"57";"57";"BENJAMIM DE OLIVEIRA";"";"M";"https://www.instagram.com/soudrbenjamim";"";"1973-02-07";"";"PR";"Planalto"
"https://dadosabertos.camara.leg.br/api/v2/deputados/220614";"Dr. Daniel Soranz";"57";"57";"DANIEL RICARDO SORANZ PINTO";"";"M";"https://www.instagram.com/danielsoranz, https://www.facebook.com/danielsoranz";"";"1979-02-16";"";"RJ";"Vassouras"
"https://dadosabertos.camara.leg.br/api/v2/deputados/220610";"Dr. Fernando Máximo";"57";"57";"FERNANDO RODRIGUES MÁXIMO";"";"M";"https://www.youtube.com/@DrFernandoMaximo, https://www.facebook.com/drfernandomaximo007, https://www.instagram.com/drfernandomaximo007/, https://twitter.com/fernandomaximoX";"";"1979-10-04";"";"GO";"Ceres"
"https://dadosabertos.camara.leg.br/api/v2/deputados/220688";"Dr. Francisco";"57";"57";"FRANCISCO DE ASSIS DE OLIVEIRA COSTA";"";"M";"https://www.instagram.com/drfranciscopiaui, https://twitter.com/drfranciscopi, https://www.facebook.com/drfranciscopiaui";"";"1979-10-14";"";"PI";"São Francisco do Piauí"
"https://dadosabertos.camara.leg.br/api/v2/deputados/204518";"Dr. Frederico";"56";"57";"FREDERICO DE CASTRO ESCALEIRA";"";"M";"https://www.facebook.com/drfredericomg, https://www.instagram.com/drfredericomg";"";"1977-03-24";"";"RJ";"Teresópolis"
"https://dadosabertos.camara.leg.br/api/v2/deputados/212625";"Dr. Gonçalo";"56";"57";"ANTONIO ELIZABETH GONÇALO DE SOUSA";"";"M";"";"";"1953-07-08";"";"MA";"Pastos Bons"
"https://dadosabertos.camara.leg.br/api/v2/deputados/220570";"Dr. Ismael Alexandrino";"57";"57";"ISMAEL ALEXANDRINO JUNIOR";"";"M";"https://www.instagram.com/ismael.alexandrino, https://twitter.com/IsmAlexandrino, https://www.facebook.com/IsmaelAlexandrino";"";"1983-07-26";"";"GO";"São Luís de Montes Belos"
"https://dadosabertos.camara.leg.br/api/v2/deputados/204481";"Dr. Jaziel";"56";"57";"JAZIEL PEREIRA DE SOUSA";"";"M";"";"";"1961-05-03";"";"CE";"Camocim"
"https://dadosabertos.camara.leg.br/api/v2/deputados/204351";"Dr. Luiz Ovando";"56";"57";"LUIZ ALBERTO OVANDO";"";"M";"https://www.facebook.com/drluizovando, https://www.instagram.com/drluizovando, https://twitter.com/drluizovando, https://youtube.com/channel/UCQ1v5nEfElt-ztWZkpxZdBQ";"";"1949-09-25";"";"MS";"Corumbá"
"https://dadosabertos.camara.leg.br/api/v2/deputados/228616";"Dr. Remy Soares";"57";"57";"REMY ALVES SOARES FILHO";"";"M";"";"";"1990-10-04";"";"MA";"São Luís"
"https://dadosabertos.camara.leg.br/api/v2/deputados/220528";"Dr. Victor Linhalis";"57";"57";"VICTOR GAROZI LINHALIS";"";"M";"https://www.facebook.com/DrVictorLinhalis, https://www.instagram.com/drvictorlinhalis/, https://twitter.com/DepDrVictor, https://www.youtube.com/channel/UC9lrrW_04FxppALPdqqoUjw";"";"1986-01-02";"";"ES";"Colatina"
"https://dadosabertos.camara.leg.br/api/v2/deputados/204412";"Dr. Zacharias Calil";"56";"57";"ZACARIAS CALIL HAMU";"";"M";"https://twitter.com/zachariascalil, https://www.facebook.com/drzachariascalil, https://www.instagram.com/drzachariascalil";"";"1953-11-05";"";"GO";"Goiânia"
"https://dadosabertos.camara.leg.br/api/v2/deputados/220674";"Dra. Alessandra Haber";"57";"57";"ALESSANDRA HABER CARVALHO SANTOS";"";"F";"https://www.instagram.com/draalessandrahaber, https://www.facebook.com/draalessandrahaber";"";"1988-09-15";"";"PA";"Belém"
"https://dadosabertos.camara.leg.br/api/v2/deputados/230088";"Dra. Mayra Pinheiro";"57";"57";"MAYRA ISABEL CORREIA PINHEIRO";"";"F";"";"";"1966-11-21";"";"CE";"Fortaleza"
"https://dadosabertos.camara.leg.br/api/v2/deputados/227800";"Duarte Gonçalves Jr";"57";"57";"DUARTE EUSTÁQUIO GONÇALVES JUNIOR";"";"M";"";"";"1980-09-11";"";"MG";"Ponte Nova"
"https://dadosabertos.camara.leg.br/api/v2/deputados/220686";"Duarte Jr.";"57";"57";"HILDELIS SILVA DUARTE JUNIOR";"";"M";"https://www.instagram.com/duartejr70, https://twitter.com/DuarteJr_, https://www.facebook.com/ProfessorDuarteJr";"";"1986-09-15";"";"RJ";"Rio de Janeiro"
"https://dadosabertos.camara.leg.br/api/v2/deputados/220540";"Duda Ramos";"57";"57";"DUDA BRITO RAMOS";"";"M";"https://www.facebook.com/dudaramos.rr, https://twitter.com/soududaramos, https://www.instagram.com/dudaramos.rr";"";"1974-05-19";"";"AM";"Benjamin Constant"
"https://dadosabertos.camara.leg.br/api/v2/deputados/220623";"Duda Salabert";"57";"57";"DUDA SALABERT ROSA";"";"F";"https://www.instagram.com/duda_salabert, https://twitter.com/DudaSalabert, https://www.facebook.com/DudaSalabert";"";"1981-05-02";"";"MG";"Belo Horizonte"
"https://dadosabertos.camara.leg.br/api/v2/deputados/204541";"Eduardo Bismarck";"56";"57";"EDUARDO HENRIQUE MAIA BISMARCK";"";"M";"https://twitter.com/eduardobismarck, https://www.instagram.com/eduardobismarckce, https://www.facebook.com/eduardobismarckce, https://youtube.com/EduardoBismarckCE";"";"1981-11-14";"";"CE";"Fortaleza"
"https://dadosabertos.camara.leg.br/api/v2/deputados/92346";"Eduardo Bolsonaro";"55";"57";"EDUARDO NANTES BOLSONARO";"";"M";"";"";"1984-07-10";"";"RJ";"Resende"
"https://dadosabertos.camara.leg.br/api/v2/deputados/141421";"Eduardo da Fonte";"53";"57";"EDUARDO HENRIQUE DA FONTE DE ALBUQUERQUE SILVA";"";"M";"";"";"1972-10-17";"";"PE";"Recife"
"https://dadosabertos.camara.leg.br/api/v2/deputados/220589";"Eduardo Velloso";"57";"57";"EDUARDO OVÍDIO BORGES DE VELLOSO VIANNA";"";"M";"https://www.instagram.com/dr.eduardovelloso, https://www.facebook.com/dr.eduardovellosoo, https://youtube.com/channel, https://twitter.com/_EduardoVelloso";"";"1976-07-08";"";"AC";"Rio Branco"
"https://dadosabertos.camara.leg.br/api/v2/deputados/74075";"Elcione Barbalho";"50";"57";"ELCIONE THEREZINHA ZAHLUTH BARBALHO";"";"F";"http://twitter.com/elcionepmdb, http://www.facebook.com/elcionepmdb, https://www.instagram.com/elcionebarbalho";"";"1944-10-05";"";"PA";"Belém"
"https://dadosabertos.camara.leg.br/api/v2/deputados/204364";"Eli Borges";"56";"57";"ELI DIAS BORGES";"";"M";"";"";"1960-09-01";"";"GO";"Ipameri"
